STRUCTURE,STRUCTURE_ID,ACTION,FREQ,REF_AREA,INDICATOR,SEX,AGE,URBANISATION,UNIT_MEASURE,COMP_BREAKDOWN_1,COMP_BREAKDOWN_2,COMP_BREAKDOWN_3,TIME_PERIOD,AGG_METHOD,UNIT_TYPE,DATABASE_ID,TIME_FORMAT,UNIT_MULT,DATA_SOURCE,OBS_CONF,OBS_VALUE,OBS_STATUS,FREQ_LABEL,REF_AREA_LABEL,INDICATOR_LABEL,SEX_LABEL,AGE_LABEL,URBANISATION_LABEL,UNIT_MEASURE_LABEL,COMP_BREAKDOWN_1_LABEL,COMP_BREAKDOWN_2_LABEL,COMP_BREAKDOWN_3_LABEL,AGG_METHOD_LABEL,UNIT_TYPE_LABEL,DATABASE_ID_LABEL,TIME_FORMAT_LABEL,UNIT_MULT_LABEL,OBS_STATUS_LABEL,OBS_CONF_LABEL
datastructure,WB.DATA360:DS_DATA360(1.3),I,A,AFG,IMF_AI_REG_ETH,_Z,_Z,_Z,0_TO_0_25,_Z,_Z,_Z,2023,MEAN,IX,IMF_AI,602,0,IMF_AI,PU,0.040271706879139,A,Annual,Afghanistan,AIPI - Regulation and Ethics,Not applicable,Not applicable,Not applicable,0-0.25 scale,Not Applicable,Not Applicable,Not Applicable,Mean,Index,Artificial Intelligence (AI) Preparedness Index,CCYY,Units,Normal value,Public
datastructure,WB.DATA360:DS_DATA360(1.3),I,A,AGO,IMF_AI_REG_ETH,_Z,_Z,_Z,0_TO_0_25,_Z,_Z,_Z,2023,MEAN,IX,IMF_AI,602,0,IMF_AI,PU,0.048788543790579,A,Annual,Angola,AIPI - Regulation and Ethics,Not applicable,Not applicable,Not applicable,0-0.25 scale,Not Applicable,Not Applicable,Not Applicable,Mean,Index,Artificial Intelligence (AI) Preparedness Index,CCYY,Units,Normal value,Public
datastructure,WB.DATA360:DS_DATA360(1.3),I,A,ALB,IMF_AI_REG_ETH,_Z,_Z,_Z,0_TO_0_25,_Z,_Z,_Z,2023,MEAN,IX,IMF_AI,602,0,IMF_AI,PU,0.14539788663387,A,Annual,Albania,AIPI - Regulation and Ethics,Not applicable,Not applicable,Not applicable,0-0.25 scale,Not Applicable,Not Applicable,Not Applicable,Mean,Index,Artificial Intelligence (AI) Preparedness Index,CCYY,Units,Normal value,Public
datastructure,WB.DATA360:DS_DATA360(1.3),I,A,ARE,IMF_AI_REG_ETH,_Z,_Z,_Z,0_TO_0_25,_Z,_Z,_Z,2023,MEAN,IX,IMF_AI,602,0,IMF_AI,PU,0.17097102105618,A,Annual,United Arab Emirates,AIPI - Regulation and Ethics,Not applicable,Not applicable,Not applicable,0-0.25 scale,Not Applicable,Not Applicable,Not Applicable,Mean,Index,Artificial Intelligence (AI) Preparedness Index,CCYY,Units,Normal value,Public
datastructure,WB.DATA360:DS_DATA360(1.3),I,A,ARG,IMF_AI_REG_ETH,_Z,_Z,_Z,0_TO_0_25,_Z,_Z,_Z,2023,MEAN,IX,IMF_AI,602,0,IMF_AI,PU,0.13846957683563,A,Annual,Argentina,AIPI - Regulation and Ethics,Not applicable,Not applicable,Not applicable,0-0.25 scale,Not Applicable,Not Applicable,Not Applicable,Mean,Index,Artificial Intelligence (AI) Preparedness Index,CCYY,Units,Normal value,Public
datastructure,WB.DATA360:DS_DATA360(1.3),I,A,ARM,IMF_AI_REG_ETH,_Z,_Z,_Z,0_TO_0_25,_Z,_Z,_Z,2023,MEAN,IX,IMF_AI,602,0,IMF_AI,PU,0.13453422486782,A,Annual,Armenia,AIPI - Regulation and Ethics,Not applicable,Not applicable,Not applicable,0-0.25 scale,Not Applicable,Not Applicable,Not Applicable,Mean,Index,Artificial Intelligence (AI) Preparedness Index,CCYY,Units,Normal value,Public
datastructure,WB.DATA360:DS_DATA360(1.3),I,A,AUS,IMF_AI_REG_ETH,_Z,_Z,_Z,0_TO_0_25,_Z,_Z,_Z,2023,MEAN,IX,IMF_AI,602,0,IMF_AI,PU,0.21177437901497,A,Annual,Australia,AIPI - Regulation and Ethics,Not applicable,Not applicable,Not applicable,0-0.25 scale,Not Applicable,Not Applicable,Not Applicable,Mean,Index,Artificial Intelligence (AI) Preparedness Index,CCYY,Units,Normal value,Public
datastructure,WB.DATA360:DS_DATA360(1.3),I,A,AUT,IMF_AI_REG_ETH,_Z,_Z,_Z,0_TO_0_25,_Z,_Z,_Z,2023,MEAN,IX,IMF_AI,602,0,IMF_AI,PU,0.19794841110706,A,Annual,Austria,AIPI - Regulation and Ethics,Not applicable,Not applicable,Not applicable,0-0.25 scale,Not Applicable,Not Applicable,Not Applicable,Mean,Index,Artificial Intelligence (AI) Preparedness Index,CCYY,Units,Normal value,Public
datastructure,WB.DATA360:DS_DATA360(1.3),I,A,AZE,IMF_AI_REG_ETH,_Z,_Z,_Z,0_TO_0_25,_Z,_Z,_Z,2023,MEAN,IX,IMF_AI,602,0,IMF_AI,PU,0.11288482695818,A,Annual,Azerbaijan,AIPI - Regulation and Ethics,Not applicable,Not applicable,Not applicable,0-0.25 scale,Not Applicable,Not Applicable,Not Applicable,Mean,Index,Artificial Intelligence (AI) Preparedness Index,CCYY,Units,Normal value,Public
datastructure,WB.DATA360:DS_DATA360(1.3),I,A,BDI,IMF_AI_REG_ETH,_Z,_Z,_Z,0_TO_0_25,_Z,_Z,_Z,2023,MEAN,IX,IMF_AI,602,0,IMF_AI,PU,0.070419035851955,A,Annual,Burundi,AIPI - Regulation and Ethics,Not applicable,Not applicable,Not applicable,0-0.25 scale,Not Applicable,Not Applicable,Not Applicable,Mean,Index,Artificial Intelligence (AI) Preparedness Index,CCYY,Units,Normal value,Public
datastructure,WB.DATA360:DS_DATA360(1.3),I,A,BEL,IMF_AI_REG_ETH,_Z,_Z,_Z,0_TO_0_25,_Z,_Z,_Z,2023,MEAN,IX,IMF_AI,602,0,IMF_AI,PU,0.16134479641914,A,Annual,Belgium,AIPI - Regulation and Ethics,Not applicable,Not applicable,Not applicable,0-0.25 scale,Not Applicable,Not Applicable,Not Applicable,Mean,Index,Artificial Intelligence (AI) Preparedness Index,CCYY,Units,Normal value,Public
datastructure,WB.DATA360:DS_DATA360(1.3),I,A,BEN,IMF_AI_REG_ETH,_Z,_Z,_Z,0_TO_0_25,_Z,_Z,_Z,2023,MEAN,IX,IMF_AI,602,0,IMF_AI,PU,0.098012492060661,A,Annual,Benin,AIPI - Regulation and Ethics,Not applicable,Not applicable,Not applicable,0-0.25 scale,Not Applicable,Not Applicable,Not Applicable,Mean,Index,Artificial Intelligence (AI) Preparedness Index,CCYY,Units,Normal value,Public
datastructure,WB.DATA360:DS_DATA360(1.3),I,A,BFA,IMF_AI_REG_ETH,_Z,_Z,_Z,0_TO_0_25,_Z,_Z,_Z,2023,MEAN,IX,IMF_AI,602,0,IMF_AI,PU,0.095249272882938,A,Annual,Burkina Faso,AIPI - Regulation and Ethics,Not applicable,Not applicable,Not applicable,0-0.25 scale,Not Applicable,Not Applicable,Not Applicable,Mean,Index,Artificial Intelligence (AI) Preparedness Index,CCYY,Units,Normal value,Public
datastructure,WB.DATA360:DS_DATA360(1.3),I,A,BGD,IMF_AI_REG_ETH,_Z,_Z,_Z,0_TO_0_25,_Z,_Z,_Z,2023,MEAN,IX,IMF_AI,602,0,IMF_AI,PU,0.10032479465008,A,Annual,Bangladesh,AIPI - Regulation and Ethics,Not applicable,Not applicable,Not applicable,0-0.25 scale,Not Applicable,Not Applicable,Not Applicable,Mean,Index,Artificial Intelligence (AI) Preparedness Index,CCYY,Units,Normal value,Public
datastructure,WB.DATA360:DS_DATA360(1.3),I,A,BGR,IMF_AI_REG_ETH,_Z,_Z,_Z,0_TO_0_25,_Z,_Z,_Z,2023,MEAN,IX,IMF_AI,602,0,IMF_AI,PU,0.14475432038307,A,Annual,Bulgaria,AIPI - Regulation and Ethics,Not applicable,Not applicable,Not applicable,0-0.25 scale,Not Applicable,Not Applicable,Not Applicable,Mean,Index,Artificial Intelligence (AI) Preparedness Index,CCYY,Units,Normal value,Public
datastructure,WB.DATA360:DS_DATA360(1.3),I,A,BHR,IMF_AI_REG_ETH,_Z,_Z,_Z,0_TO_0_25,_Z,_Z,_Z,2023,MEAN,IX,IMF_AI,602,0,IMF_AI,PU,0.10454124957323,A,Annual,Bahrain,AIPI - Regulation and Ethics,Not applicable,Not applicable,Not applicable,0-0.25 scale,Not Applicable,Not Applicable,Not Applicable,Mean,Index,Artificial Intelligence (AI) Preparedness Index,CCYY,Units,Normal value,Public
datastructure,WB.DATA360:DS_DATA360(1.3),I,A,BHS,IMF_AI_REG_ETH,_Z,_Z,_Z,0_TO_0_25,_Z,_Z,_Z,2023,MEAN,IX,IMF_AI,602,0,IMF_AI,PU,0.14890202879906,A,Annual,"Bahamas, The",AIPI - Regulation and Ethics,Not applicable,Not applicable,Not applicable,0-0.25 scale,Not Applicable,Not Applicable,Not Applicable,Mean,Index,Artificial Intelligence (AI) Preparedness Index,CCYY,Units,Normal value,Public
datastructure,WB.DATA360:DS_DATA360(1.3),I,A,BIH,IMF_AI_REG_ETH,_Z,_Z,_Z,0_TO_0_25,_Z,_Z,_Z,2023,MEAN,IX,IMF_AI,602,0,IMF_AI,PU,0.088110089302063,A,Annual,Bosnia and Herzegovina,AIPI - Regulation and Ethics,Not applicable,Not applicable,Not applicable,0-0.25 scale,Not Applicable,Not Applicable,Not Applicable,Mean,Index,Artificial Intelligence (AI) Preparedness Index,CCYY,Units,Normal value,Public
datastructure,WB.DATA360:DS_DATA360(1.3),I,A,BLR,IMF_AI_REG_ETH,_Z,_Z,_Z,0_TO_0_25,_Z,_Z,_Z,2023,MEAN,IX,IMF_AI,602,0,IMF_AI,PU,0.075268611311913,A,Annual,Belarus,AIPI - Regulation and Ethics,Not applicable,Not applicable,Not applicable,0-0.25 scale,Not Applicable,Not Applicable,Not Applicable,Mean,Index,Artificial Intelligence (AI) Preparedness Index,CCYY,Units,Normal value,Public
datastructure,WB.DATA360:DS_DATA360(1.3),I,A,BLZ,IMF_AI_REG_ETH,_Z,_Z,_Z,0_TO_0_25,_Z,_Z,_Z,2023,MEAN,IX,IMF_AI,602,0,IMF_AI,PU,0.10792415589094,A,Annual,Belize,AIPI - Regulation and Ethics,Not applicable,Not applicable,Not applicable,0-0.25 scale,Not Applicable,Not Applicable,Not Applicable,Mean,Index,Artificial Intelligence (AI) Preparedness Index,CCYY,Units,Normal value,Public
datastructure,WB.DATA360:DS_DATA360(1.3),I,A,BOL,IMF_AI_REG_ETH,_Z,_Z,_Z,0_TO_0_25,_Z,_Z,_Z,2023,MEAN,IX,IMF_AI,602,0,IMF_AI,PU,0.075599029660225,A,Annual,Bolivia,AIPI - Regulation and Ethics,Not applicable,Not applicable,Not applicable,0-0.25 scale,Not Applicable,Not Applicable,Not Applicable,Mean,Index,Artificial Intelligence (AI) Preparedness Index,CCYY,Units,Normal value,Public
datastructure,WB.DATA360:DS_DATA360(1.3),I,A,BRA,IMF_AI_REG_ETH,_Z,_Z,_Z,0_TO_0_25,_Z,_Z,_Z,2023,MEAN,IX,IMF_AI,602,0,IMF_AI,PU,0.13874277472496,A,Annual,Brazil,AIPI - Regulation and Ethics,Not applicable,Not applicable,Not applicable,0-0.25 scale,Not Applicable,Not Applicable,Not Applicable,Mean,Index,Artificial Intelligence (AI) Preparedness Index,CCYY,Units,Normal value,Public
datastructure,WB.DATA360:DS_DATA360(1.3),I,A,BRB,IMF_AI_REG_ETH,_Z,_Z,_Z,0_TO_0_25,_Z,_Z,_Z,2023,MEAN,IX,IMF_AI,602,0,IMF_AI,PU,0.15503577888012,A,Annual,Barbados,AIPI - Regulation and Ethics,Not applicable,Not applicable,Not applicable,0-0.25 scale,Not Applicable,Not Applicable,Not Applicable,Mean,Index,Artificial Intelligence (AI) Preparedness Index,CCYY,Units,Normal value,Public
datastructure,WB.DATA360:DS_DATA360(1.3),I,A,BRN,IMF_AI_REG_ETH,_Z,_Z,_Z,0_TO_0_25,_Z,_Z,_Z,2023,MEAN,IX,IMF_AI,602,0,IMF_AI,PU,0.12193084508181,A,Annual,Brunei Darussalam,AIPI - Regulation and Ethics,Not applicable,Not applicable,Not applicable,0-0.25 scale,Not Applicable,Not Applicable,Not Applicable,Mean,Index,Artificial Intelligence (AI) Preparedness Index,CCYY,Units,Normal value,Public
datastructure,WB.DATA360:DS_DATA360(1.3),I,A,BTN,IMF_AI_REG_ETH,_Z,_Z,_Z,0_TO_0_25,_Z,_Z,_Z,2023,MEAN,IX,IMF_AI,602,0,IMF_AI,PU,0.14553424715996,A,Annual,Bhutan,AIPI - Regulation and Ethics,Not applicable,Not applicable,Not applicable,0-0.25 scale,Not Applicable,Not Applicable,Not Applicable,Mean,Index,Artificial Intelligence (AI) Preparedness Index,CCYY,Units,Normal value,Public
datastructure,WB.DATA360:DS_DATA360(1.3),I,A,BWA,IMF_AI_REG_ETH,_Z,_Z,_Z,0_TO_0_25,_Z,_Z,_Z,2023,MEAN,IX,IMF_AI,602,0,IMF_AI,PU,0.1114763841033,A,Annual,Botswana,AIPI - Regulation and Ethics,Not applicable,Not applicable,Not applicable,0-0.25 scale,Not Applicable,Not Applicable,Not Applicable,Mean,Index,Artificial Intelligence (AI) Preparedness Index,CCYY,Units,Normal value,Public
datastructure,WB.DATA360:DS_DATA360(1.3),I,A,CAF,IMF_AI_REG_ETH,_Z,_Z,_Z,0_TO_0_25,_Z,_Z,_Z,2023,MEAN,IX,IMF_AI,602,0,IMF_AI,PU,0.043551277369261,A,Annual,Central African Republic,AIPI - Regulation and Ethics,Not applicable,Not applicable,Not applicable,0-0.25 scale,Not Applicable,Not Applicable,Not Applicable,Mean,Index,Artificial Intelligence (AI) Preparedness Index,CCYY,Units,Normal value,Public
datastructure,WB.DATA360:DS_DATA360(1.3),I,A,CAN,IMF_AI_REG_ETH,_Z,_Z,_Z,0_TO_0_25,_Z,_Z,_Z,2023,MEAN,IX,IMF_AI,602,0,IMF_AI,PU,0.20557691156864,A,Annual,Canada,AIPI - Regulation and Ethics,Not applicable,Not applicable,Not applicable,0-0.25 scale,Not Applicable,Not Applicable,Not Applicable,Mean,Index,Artificial Intelligence (AI) Preparedness Index,CCYY,Units,Normal value,Public
datastructure,WB.DATA360:DS_DATA360(1.3),I,A,CHE,IMF_AI_REG_ETH,_Z,_Z,_Z,0_TO_0_25,_Z,_Z,_Z,2023,MEAN,IX,IMF_AI,602,0,IMF_AI,PU,0.20752677321434,A,Annual,Switzerland,AIPI - Regulation and Ethics,Not applicable,Not applicable,Not applicable,0-0.25 scale,Not Applicable,Not Applicable,Not Applicable,Mean,Index,Artificial Intelligence (AI) Preparedness Index,CCYY,Units,Normal value,Public
datastructure,WB.DATA360:DS_DATA360(1.3),I,A,CHL,IMF_AI_REG_ETH,_Z,_Z,_Z,0_TO_0_25,_Z,_Z,_Z,2023,MEAN,IX,IMF_AI,602,0,IMF_AI,PU,0.16947716474533,A,Annual,Chile,AIPI - Regulation and Ethics,Not applicable,Not applicable,Not applicable,0-0.25 scale,Not Applicable,Not Applicable,Not Applicable,Mean,Index,Artificial Intelligence (AI) Preparedness Index,CCYY,Units,Normal value,Public
datastructure,WB.DATA360:DS_DATA360(1.3),I,A,CHN,IMF_AI_REG_ETH,_Z,_Z,_Z,0_TO_0_25,_Z,_Z,_Z,2023,MEAN,IX,IMF_AI,602,0,IMF_AI,PU,0.14834882318974,A,Annual,China,AIPI - Regulation and Ethics,Not applicable,Not applicable,Not applicable,0-0.25 scale,Not Applicable,Not Applicable,Not Applicable,Mean,Index,Artificial Intelligence (AI) Preparedness Index,CCYY,Units,Normal value,Public
datastructure,WB.DATA360:DS_DATA360(1.3),I,A,CIV,IMF_AI_REG_ETH,_Z,_Z,_Z,0_TO_0_25,_Z,_Z,_Z,2023,MEAN,IX,IMF_AI,602,0,IMF_AI,PU,0.099610410630703,A,Annual,Côte d’Ivoire,AIPI - Regulation and Ethics,Not applicable,Not applicable,Not applicable,0-0.25 scale,Not Applicable,Not Applicable,Not Applicable,Mean,Index,Artificial Intelligence (AI) Preparedness Index,CCYY,Units,Normal value,Public
datastructure,WB.DATA360:DS_DATA360(1.3),I,A,CMR,IMF_AI_REG_ETH,_Z,_Z,_Z,0_TO_0_25,_Z,_Z,_Z,2023,MEAN,IX,IMF_AI,602,0,IMF_AI,PU,0.07790245115757,A,Annual,Cameroon,AIPI - Regulation and Ethics,Not applicable,Not applicable,Not applicable,0-0.25 scale,Not Applicable,Not Applicable,Not Applicable,Mean,Index,Artificial Intelligence (AI) Preparedness Index,CCYY,Units,Normal value,Public
datastructure,WB.DATA360:DS_DATA360(1.3),I,A,COD,IMF_AI_REG_ETH,_Z,_Z,_Z,0_TO_0_25,_Z,_Z,_Z,2023,MEAN,IX,IMF_AI,602,0,IMF_AI,PU,0.0625,A,Annual,"Congo, Dem. Rep.",AIPI - Regulation and Ethics,Not applicable,Not applicable,Not applicable,0-0.25 scale,Not Applicable,Not Applicable,Not Applicable,Mean,Index,Artificial Intelligence (AI) Preparedness Index,CCYY,Units,Normal value,Public
datastructure,WB.DATA360:DS_DATA360(1.3),I,A,COG,IMF_AI_REG_ETH,_Z,_Z,_Z,0_TO_0_25,_Z,_Z,_Z,2023,MEAN,IX,IMF_AI,602,0,IMF_AI,PU,0.052801690995693,A,Annual,"Congo, Rep.",AIPI - Regulation and Ethics,Not applicable,Not applicable,Not applicable,0-0.25 scale,Not Applicable,Not Applicable,Not Applicable,Mean,Index,Artificial Intelligence (AI) Preparedness Index,CCYY,Units,Normal value,Public
datastructure,WB.DATA360:DS_DATA360(1.3),I,A,COL,IMF_AI_REG_ETH,_Z,_Z,_Z,0_TO_0_25,_Z,_Z,_Z,2023,MEAN,IX,IMF_AI,602,0,IMF_AI,PU,0.13780850172043,A,Annual,Colombia,AIPI - Regulation and Ethics,Not applicable,Not applicable,Not applicable,0-0.25 scale,Not Applicable,Not Applicable,Not Applicable,Mean,Index,Artificial Intelligence (AI) Preparedness Index,CCYY,Units,Normal value,Public
datastructure,WB.DATA360:DS_DATA360(1.3),I,A,COM,IMF_AI_REG_ETH,_Z,_Z,_Z,0_TO_0_25,_Z,_Z,_Z,2023,MEAN,IX,IMF_AI,602,0,IMF_AI,PU,0.040464915335178,A,Annual,Comoros,AIPI - Regulation and Ethics,Not applicable,Not applicable,Not applicable,0-0.25 scale,Not Applicable,Not Applicable,Not Applicable,Mean,Index,Artificial Intelligence (AI) Preparedness Index,CCYY,Units,Normal value,Public
datastructure,WB.DATA360:DS_DATA360(1.3),I,A,CPV,IMF_AI_REG_ETH,_Z,_Z,_Z,0_TO_0_25,_Z,_Z,_Z,2023,MEAN,IX,IMF_AI,602,0,IMF_AI,PU,0.11971309781075,A,Annual,Cabo Verde,AIPI - Regulation and Ethics,Not applicable,Not applicable,Not applicable,0-0.25 scale,Not Applicable,Not Applicable,Not Applicable,Mean,Index,Artificial Intelligence (AI) Preparedness Index,CCYY,Units,Normal value,Public
datastructure,WB.DATA360:DS_DATA360(1.3),I,A,CRI,IMF_AI_REG_ETH,_Z,_Z,_Z,0_TO_0_25,_Z,_Z,_Z,2023,MEAN,IX,IMF_AI,602,0,IMF_AI,PU,0.15015843510628,A,Annual,Costa Rica,AIPI - Regulation and Ethics,Not applicable,Not applicable,Not applicable,0-0.25 scale,Not Applicable,Not Applicable,Not Applicable,Mean,Index,Artificial Intelligence (AI) Preparedness Index,CCYY,Units,Normal value,Public
datastructure,WB.DATA360:DS_DATA360(1.3),I,A,CYP,IMF_AI_REG_ETH,_Z,_Z,_Z,0_TO_0_25,_Z,_Z,_Z,2023,MEAN,IX,IMF_AI,602,0,IMF_AI,PU,0.16494153439999,A,Annual,Cyprus,AIPI - Regulation and Ethics,Not applicable,Not applicable,Not applicable,0-0.25 scale,Not Applicable,Not Applicable,Not Applicable,Mean,Index,Artificial Intelligence (AI) Preparedness Index,CCYY,Units,Normal value,Public
datastructure,WB.DATA360:DS_DATA360(1.3),I,A,CZE,IMF_AI_REG_ETH,_Z,_Z,_Z,0_TO_0_25,_Z,_Z,_Z,2023,MEAN,IX,IMF_AI,602,0,IMF_AI,PU,0.16250093281269,A,Annual,Czechia,AIPI - Regulation and Ethics,Not applicable,Not applicable,Not applicable,0-0.25 scale,Not Applicable,Not Applicable,Not Applicable,Mean,Index,Artificial Intelligence (AI) Preparedness Index,CCYY,Units,Normal value,Public
datastructure,WB.DATA360:DS_DATA360(1.3),I,A,DEU,IMF_AI_REG_ETH,_Z,_Z,_Z,0_TO_0_25,_Z,_Z,_Z,2023,MEAN,IX,IMF_AI,602,0,IMF_AI,PU,0.20427194237709,A,Annual,Germany,AIPI - Regulation and Ethics,Not applicable,Not applicable,Not applicable,0-0.25 scale,Not Applicable,Not Applicable,Not Applicable,Mean,Index,Artificial Intelligence (AI) Preparedness Index,CCYY,Units,Normal value,Public
datastructure,WB.DATA360:DS_DATA360(1.3),I,A,DJI,IMF_AI_REG_ETH,_Z,_Z,_Z,0_TO_0_25,_Z,_Z,_Z,2023,MEAN,IX,IMF_AI,602,0,IMF_AI,PU,0.054521381855011,A,Annual,Djibouti,AIPI - Regulation and Ethics,Not applicable,Not applicable,Not applicable,0-0.25 scale,Not Applicable,Not Applicable,Not Applicable,Mean,Index,Artificial Intelligence (AI) Preparedness Index,CCYY,Units,Normal value,Public
datastructure,WB.DATA360:DS_DATA360(1.3),I,A,DNK,IMF_AI_REG_ETH,_Z,_Z,_Z,0_TO_0_25,_Z,_Z,_Z,2023,MEAN,IX,IMF_AI,602,0,IMF_AI,PU,0.21825522184372,A,Annual,Denmark,AIPI - Regulation and Ethics,Not applicable,Not applicable,Not applicable,0-0.25 scale,Not Applicable,Not Applicable,Not Applicable,Mean,Index,Artificial Intelligence (AI) Preparedness Index,CCYY,Units,Normal value,Public
datastructure,WB.DATA360:DS_DATA360(1.3),I,A,DOM,IMF_AI_REG_ETH,_Z,_Z,_Z,0_TO_0_25,_Z,_Z,_Z,2023,MEAN,IX,IMF_AI,602,0,IMF_AI,PU,0.12467357516289,A,Annual,Dominican Republic,AIPI - Regulation and Ethics,Not applicable,Not applicable,Not applicable,0-0.25 scale,Not Applicable,Not Applicable,Not Applicable,Mean,Index,Artificial Intelligence (AI) Preparedness Index,CCYY,Units,Normal value,Public
datastructure,WB.DATA360:DS_DATA360(1.3),I,A,DZA,IMF_AI_REG_ETH,_Z,_Z,_Z,0_TO_0_25,_Z,_Z,_Z,2023,MEAN,IX,IMF_AI,602,0,IMF_AI,PU,0.07405311614275,A,Annual,Algeria,AIPI - Regulation and Ethics,Not applicable,Not applicable,Not applicable,0-0.25 scale,Not Applicable,Not Applicable,Not Applicable,Mean,Index,Artificial Intelligence (AI) Preparedness Index,CCYY,Units,Normal value,Public
datastructure,WB.DATA360:DS_DATA360(1.3),I,A,ECU,IMF_AI_REG_ETH,_Z,_Z,_Z,0_TO_0_25,_Z,_Z,_Z,2023,MEAN,IX,IMF_AI,602,0,IMF_AI,PU,0.12859085202217,A,Annual,Ecuador,AIPI - Regulation and Ethics,Not applicable,Not applicable,Not applicable,0-0.25 scale,Not Applicable,Not Applicable,Not Applicable,Mean,Index,Artificial Intelligence (AI) Preparedness Index,CCYY,Units,Normal value,Public
datastructure,WB.DATA360:DS_DATA360(1.3),I,A,EGY,IMF_AI_REG_ETH,_Z,_Z,_Z,0_TO_0_25,_Z,_Z,_Z,2023,MEAN,IX,IMF_AI,602,0,IMF_AI,PU,0.083970248699188,A,Annual,"Egypt, Arab Rep.",AIPI - Regulation and Ethics,Not applicable,Not applicable,Not applicable,0-0.25 scale,Not Applicable,Not Applicable,Not Applicable,Mean,Index,Artificial Intelligence (AI) Preparedness Index,CCYY,Units,Normal value,Public
datastructure,WB.DATA360:DS_DATA360(1.3),I,A,ESP,IMF_AI_REG_ETH,_Z,_Z,_Z,0_TO_0_25,_Z,_Z,_Z,2023,MEAN,IX,IMF_AI,602,0,IMF_AI,PU,0.1710035353899,A,Annual,Spain,AIPI - Regulation and Ethics,Not applicable,Not applicable,Not applicable,0-0.25 scale,Not Applicable,Not Applicable,Not Applicable,Mean,Index,Artificial Intelligence (AI) Preparedness Index,CCYY,Units,Normal value,Public
datastructure,WB.DATA360:DS_DATA360(1.3),I,A,EST,IMF_AI_REG_ETH,_Z,_Z,_Z,0_TO_0_25,_Z,_Z,_Z,2023,MEAN,IX,IMF_AI,602,0,IMF_AI,PU,0.21858482062817,A,Annual,Estonia,AIPI - Regulation and Ethics,Not applicable,Not applicable,Not applicable,0-0.25 scale,Not Applicable,Not Applicable,Not Applicable,Mean,Index,Artificial Intelligence (AI) Preparedness Index,CCYY,Units,Normal value,Public
datastructure,WB.DATA360:DS_DATA360(1.3),I,A,ETH,IMF_AI_REG_ETH,_Z,_Z,_Z,0_TO_0_25,_Z,_Z,_Z,2023,MEAN,IX,IMF_AI,602,0,IMF_AI,PU,0.071160688996315,A,Annual,Ethiopia,AIPI - Regulation and Ethics,Not applicable,Not applicable,Not applicable,0-0.25 scale,Not Applicable,Not Applicable,Not Applicable,Mean,Index,Artificial Intelligence (AI) Preparedness Index,CCYY,Units,Normal value,Public
datastructure,WB.DATA360:DS_DATA360(1.3),I,A,FIN,IMF_AI_REG_ETH,_Z,_Z,_Z,0_TO_0_25,_Z,_Z,_Z,2023,MEAN,IX,IMF_AI,602,0,IMF_AI,PU,0.23044012486935,A,Annual,Finland,AIPI - Regulation and Ethics,Not applicable,Not applicable,Not applicable,0-0.25 scale,Not Applicable,Not Applicable,Not Applicable,Mean,Index,Artificial Intelligence (AI) Preparedness Index,CCYY,Units,Normal value,Public
datastructure,WB.DATA360:DS_DATA360(1.3),I,A,FJI,IMF_AI_REG_ETH,_Z,_Z,_Z,0_TO_0_25,_Z,_Z,_Z,2023,MEAN,IX,IMF_AI,602,0,IMF_AI,PU,0.11531253159046,A,Annual,Fiji,AIPI - Regulation and Ethics,Not applicable,Not applicable,Not applicable,0-0.25 scale,Not Applicable,Not Applicable,Not Applicable,Mean,Index,Artificial Intelligence (AI) Preparedness Index,CCYY,Units,Normal value,Public
datastructure,WB.DATA360:DS_DATA360(1.3),I,A,FRA,IMF_AI_REG_ETH,_Z,_Z,_Z,0_TO_0_25,_Z,_Z,_Z,2023,MEAN,IX,IMF_AI,602,0,IMF_AI,PU,0.18127408623695,A,Annual,France,AIPI - Regulation and Ethics,Not applicable,Not applicable,Not applicable,0-0.25 scale,Not Applicable,Not Applicable,Not Applicable,Mean,Index,Artificial Intelligence (AI) Preparedness Index,CCYY,Units,Normal value,Public
datastructure,WB.DATA360:DS_DATA360(1.3),I,A,GAB,IMF_AI_REG_ETH,_Z,_Z,_Z,0_TO_0_25,_Z,_Z,_Z,2023,MEAN,IX,IMF_AI,602,0,IMF_AI,PU,0.071147210896015,A,Annual,Gabon,AIPI - Regulation and Ethics,Not applicable,Not applicable,Not applicable,0-0.25 scale,Not Applicable,Not Applicable,Not Applicable,Mean,Index,Artificial Intelligence (AI) Preparedness Index,CCYY,Units,Normal value,Public
datastructure,WB.DATA360:DS_DATA360(1.3),I,A,GBR,IMF_AI_REG_ETH,_Z,_Z,_Z,0_TO_0_25,_Z,_Z,_Z,2023,MEAN,IX,IMF_AI,602,0,IMF_AI,PU,0.21317765116692,A,Annual,United Kingdom,AIPI - Regulation and Ethics,Not applicable,Not applicable,Not applicable,0-0.25 scale,Not Applicable,Not Applicable,Not Applicable,Mean,Index,Artificial Intelligence (AI) Preparedness Index,CCYY,Units,Normal value,Public
datastructure,WB.DATA360:DS_DATA360(1.3),I,A,GEO,IMF_AI_REG_ETH,_Z,_Z,_Z,0_TO_0_25,_Z,_Z,_Z,2023,MEAN,IX,IMF_AI,602,0,IMF_AI,PU,0.14447443187237,A,Annual,Georgia,AIPI - Regulation and Ethics,Not applicable,Not applicable,Not applicable,0-0.25 scale,Not Applicable,Not Applicable,Not Applicable,Mean,Index,Artificial Intelligence (AI) Preparedness Index,CCYY,Units,Normal value,Public
datastructure,WB.DATA360:DS_DATA360(1.3),I,A,GHA,IMF_AI_REG_ETH,_Z,_Z,_Z,0_TO_0_25,_Z,_Z,_Z,2023,MEAN,IX,IMF_AI,602,0,IMF_AI,PU,0.13384254276752,A,Annual,Ghana,AIPI - Regulation and Ethics,Not applicable,Not applicable,Not applicable,0-0.25 scale,Not Applicable,Not Applicable,Not Applicable,Mean,Index,Artificial Intelligence (AI) Preparedness Index,CCYY,Units,Normal value,Public
datastructure,WB.DATA360:DS_DATA360(1.3),I,A,GIN,IMF_AI_REG_ETH,_Z,_Z,_Z,0_TO_0_25,_Z,_Z,_Z,2023,MEAN,IX,IMF_AI,602,0,IMF_AI,PU,0.072921007871628,A,Annual,Guinea,AIPI - Regulation and Ethics,Not applicable,Not applicable,Not applicable,0-0.25 scale,Not Applicable,Not Applicable,Not Applicable,Mean,Index,Artificial Intelligence (AI) Preparedness Index,CCYY,Units,Normal value,Public
datastructure,WB.DATA360:DS_DATA360(1.3),I,A,GMB,IMF_AI_REG_ETH,_Z,_Z,_Z,0_TO_0_25,_Z,_Z,_Z,2023,MEAN,IX,IMF_AI,602,0,IMF_AI,PU,0.092967227101326,A,Annual,"Gambia, The",AIPI - Regulation and Ethics,Not applicable,Not applicable,Not applicable,0-0.25 scale,Not Applicable,Not Applicable,Not Applicable,Mean,Index,Artificial Intelligence (AI) Preparedness Index,CCYY,Units,Normal value,Public
datastructure,WB.DATA360:DS_DATA360(1.3),I,A,GNB,IMF_AI_REG_ETH,_Z,_Z,_Z,0_TO_0_25,_Z,_Z,_Z,2023,MEAN,IX,IMF_AI,602,0,IMF_AI,PU,0.063670329749584,A,Annual,Guinea-Bissau,AIPI - Regulation and Ethics,Not applicable,Not applicable,Not applicable,0-0.25 scale,Not Applicable,Not Applicable,Not Applicable,Mean,Index,Artificial Intelligence (AI) Preparedness Index,CCYY,Units,Normal value,Public
datastructure,WB.DATA360:DS_DATA360(1.3),I,A,GRC,IMF_AI_REG_ETH,_Z,_Z,_Z,0_TO_0_25,_Z,_Z,_Z,2023,MEAN,IX,IMF_AI,602,0,IMF_AI,PU,0.1390358954668,A,Annual,Greece,AIPI - Regulation and Ethics,Not applicable,Not applicable,Not applicable,0-0.25 scale,Not Applicable,Not Applicable,Not Applicable,Mean,Index,Artificial Intelligence (AI) Preparedness Index,CCYY,Units,Normal value,Public
datastructure,WB.DATA360:DS_DATA360(1.3),I,A,GTM,IMF_AI_REG_ETH,_Z,_Z,_Z,0_TO_0_25,_Z,_Z,_Z,2023,MEAN,IX,IMF_AI,602,0,IMF_AI,PU,0.092537060379982,A,Annual,Guatemala,AIPI - Regulation and Ethics,Not applicable,Not applicable,Not applicable,0-0.25 scale,Not Applicable,Not Applicable,Not Applicable,Mean,Index,Artificial Intelligence (AI) Preparedness Index,CCYY,Units,Normal value,Public
datastructure,WB.DATA360:DS_DATA360(1.3),I,A,GUY,IMF_AI_REG_ETH,_Z,_Z,_Z,0_TO_0_25,_Z,_Z,_Z,2023,MEAN,IX,IMF_AI,602,0,IMF_AI,PU,0.10674235969782,A,Annual,Guyana,AIPI - Regulation and Ethics,Not applicable,Not applicable,Not applicable,0-0.25 scale,Not Applicable,Not Applicable,Not Applicable,Mean,Index,Artificial Intelligence (AI) Preparedness Index,CCYY,Units,Normal value,Public
datastructure,WB.DATA360:DS_DATA360(1.3),I,A,HKG,IMF_AI_REG_ETH,_Z,_Z,_Z,0_TO_0_25,_Z,_Z,_Z,2023,MEAN,IX,IMF_AI,602,0,IMF_AI,PU,0.16528856754303,A,Annual,"Hong Kong SAR, China",AIPI - Regulation and Ethics,Not applicable,Not applicable,Not applicable,0-0.25 scale,Not Applicable,Not Applicable,Not Applicable,Mean,Index,Artificial Intelligence (AI) Preparedness Index,CCYY,Units,Normal value,Public
datastructure,WB.DATA360:DS_DATA360(1.3),I,A,HND,IMF_AI_REG_ETH,_Z,_Z,_Z,0_TO_0_25,_Z,_Z,_Z,2023,MEAN,IX,IMF_AI,602,0,IMF_AI,PU,0.079105637967587,A,Annual,Honduras,AIPI - Regulation and Ethics,Not applicable,Not applicable,Not applicable,0-0.25 scale,Not Applicable,Not Applicable,Not Applicable,Mean,Index,Artificial Intelligence (AI) Preparedness Index,CCYY,Units,Normal value,Public
datastructure,WB.DATA360:DS_DATA360(1.3),I,A,HRV,IMF_AI_REG_ETH,_Z,_Z,_Z,0_TO_0_25,_Z,_Z,_Z,2023,MEAN,IX,IMF_AI,602,0,IMF_AI,PU,0.14349210262299,A,Annual,Croatia,AIPI - Regulation and Ethics,Not applicable,Not applicable,Not applicable,0-0.25 scale,Not Applicable,Not Applicable,Not Applicable,Mean,Index,Artificial Intelligence (AI) Preparedness Index,CCYY,Units,Normal value,Public
datastructure,WB.DATA360:DS_DATA360(1.3),I,A,HTI,IMF_AI_REG_ETH,_Z,_Z,_Z,0_TO_0_25,_Z,_Z,_Z,2023,MEAN,IX,IMF_AI,602,0,IMF_AI,PU,0.039083652198315,A,Annual,Haiti,AIPI - Regulation and Ethics,Not applicable,Not applicable,Not applicable,0-0.25 scale,Not Applicable,Not Applicable,Not Applicable,Mean,Index,Artificial Intelligence (AI) Preparedness Index,CCYY,Units,Normal value,Public
datastructure,WB.DATA360:DS_DATA360(1.3),I,A,HUN,IMF_AI_REG_ETH,_Z,_Z,_Z,0_TO_0_25,_Z,_Z,_Z,2023,MEAN,IX,IMF_AI,602,0,IMF_AI,PU,0.13740436732769,A,Annual,Hungary,AIPI - Regulation and Ethics,Not applicable,Not applicable,Not applicable,0-0.25 scale,Not Applicable,Not Applicable,Not Applicable,Mean,Index,Artificial Intelligence (AI) Preparedness Index,CCYY,Units,Normal value,Public
datastructure,WB.DATA360:DS_DATA360(1.3),I,A,IDN,IMF_AI_REG_ETH,_Z,_Z,_Z,0_TO_0_25,_Z,_Z,_Z,2023,MEAN,IX,IMF_AI,602,0,IMF_AI,PU,0.16077074408531,A,Annual,Indonesia,AIPI - Regulation and Ethics,Not applicable,Not applicable,Not applicable,0-0.25 scale,Not Applicable,Not Applicable,Not Applicable,Mean,Index,Artificial Intelligence (AI) Preparedness Index,CCYY,Units,Normal value,Public
datastructure,WB.DATA360:DS_DATA360(1.3),I,A,IND,IMF_AI_REG_ETH,_Z,_Z,_Z,0_TO_0_25,_Z,_Z,_Z,2023,MEAN,IX,IMF_AI,602,0,IMF_AI,PU,0.15181773900986,A,Annual,India,AIPI - Regulation and Ethics,Not applicable,Not applicable,Not applicable,0-0.25 scale,Not Applicable,Not Applicable,Not Applicable,Mean,Index,Artificial Intelligence (AI) Preparedness Index,CCYY,Units,Normal value,Public
datastructure,WB.DATA360:DS_DATA360(1.3),I,A,IRL,IMF_AI_REG_ETH,_Z,_Z,_Z,0_TO_0_25,_Z,_Z,_Z,2023,MEAN,IX,IMF_AI,602,0,IMF_AI,PU,0.18905451893806,A,Annual,Ireland,AIPI - Regulation and Ethics,Not applicable,Not applicable,Not applicable,0-0.25 scale,Not Applicable,Not Applicable,Not Applicable,Mean,Index,Artificial Intelligence (AI) Preparedness Index,CCYY,Units,Normal value,Public
datastructure,WB.DATA360:DS_DATA360(1.3),I,A,IRN,IMF_AI_REG_ETH,_Z,_Z,_Z,0_TO_0_25,_Z,_Z,_Z,2023,MEAN,IX,IMF_AI,602,0,IMF_AI,PU,0.064419649541378,A,Annual,"Iran, Islamic Rep.",AIPI - Regulation and Ethics,Not applicable,Not applicable,Not applicable,0-0.25 scale,Not Applicable,Not Applicable,Not Applicable,Mean,Index,Artificial Intelligence (AI) Preparedness Index,CCYY,Units,Normal value,Public
datastructure,WB.DATA360:DS_DATA360(1.3),I,A,IRQ,IMF_AI_REG_ETH,_Z,_Z,_Z,0_TO_0_25,_Z,_Z,_Z,2023,MEAN,IX,IMF_AI,602,0,IMF_AI,PU,0.06153579801321,A,Annual,Iraq,AIPI - Regulation and Ethics,Not applicable,Not applicable,Not applicable,0-0.25 scale,Not Applicable,Not Applicable,Not Applicable,Mean,Index,Artificial Intelligence (AI) Preparedness Index,CCYY,Units,Normal value,Public
datastructure,WB.DATA360:DS_DATA360(1.3),I,A,ISL,IMF_AI_REG_ETH,_Z,_Z,_Z,0_TO_0_25,_Z,_Z,_Z,2023,MEAN,IX,IMF_AI,602,0,IMF_AI,PU,0.20681749284267,A,Annual,Iceland,AIPI - Regulation and Ethics,Not applicable,Not applicable,Not applicable,0-0.25 scale,Not Applicable,Not Applicable,Not Applicable,Mean,Index,Artificial Intelligence (AI) Preparedness Index,CCYY,Units,Normal value,Public
datastructure,WB.DATA360:DS_DATA360(1.3),I,A,ISR,IMF_AI_REG_ETH,_Z,_Z,_Z,0_TO_0_25,_Z,_Z,_Z,2023,MEAN,IX,IMF_AI,602,0,IMF_AI,PU,0.18879850208759,A,Annual,Israel,AIPI - Regulation and Ethics,Not applicable,Not applicable,Not applicable,0-0.25 scale,Not Applicable,Not Applicable,Not Applicable,Mean,Index,Artificial Intelligence (AI) Preparedness Index,CCYY,Units,Normal value,Public
datastructure,WB.DATA360:DS_DATA360(1.3),I,A,ITA,IMF_AI_REG_ETH,_Z,_Z,_Z,0_TO_0_25,_Z,_Z,_Z,2023,MEAN,IX,IMF_AI,602,0,IMF_AI,PU,0.15497273206711,A,Annual,Italy,AIPI - Regulation and Ethics,Not applicable,Not applicable,Not applicable,0-0.25 scale,Not Applicable,Not Applicable,Not Applicable,Mean,Index,Artificial Intelligence (AI) Preparedness Index,CCYY,Units,Normal value,Public
datastructure,WB.DATA360:DS_DATA360(1.3),I,A,JAM,IMF_AI_REG_ETH,_Z,_Z,_Z,0_TO_0_25,_Z,_Z,_Z,2023,MEAN,IX,IMF_AI,602,0,IMF_AI,PU,0.11937951296568,A,Annual,Jamaica,AIPI - Regulation and Ethics,Not applicable,Not applicable,Not applicable,0-0.25 scale,Not Applicable,Not Applicable,Not Applicable,Mean,Index,Artificial Intelligence (AI) Preparedness Index,CCYY,Units,Normal value,Public
datastructure,WB.DATA360:DS_DATA360(1.3),I,A,JOR,IMF_AI_REG_ETH,_Z,_Z,_Z,0_TO_0_25,_Z,_Z,_Z,2023,MEAN,IX,IMF_AI,602,0,IMF_AI,PU,0.12636148929596,A,Annual,Jordan,AIPI - Regulation and Ethics,Not applicable,Not applicable,Not applicable,0-0.25 scale,Not Applicable,Not Applicable,Not Applicable,Mean,Index,Artificial Intelligence (AI) Preparedness Index,CCYY,Units,Normal value,Public
datastructure,WB.DATA360:DS_DATA360(1.3),I,A,JPN,IMF_AI_REG_ETH,_Z,_Z,_Z,0_TO_0_25,_Z,_Z,_Z,2023,MEAN,IX,IMF_AI,602,0,IMF_AI,PU,0.20340214669704,A,Annual,Japan,AIPI - Regulation and Ethics,Not applicable,Not applicable,Not applicable,0-0.25 scale,Not Applicable,Not Applicable,Not Applicable,Mean,Index,Artificial Intelligence (AI) Preparedness Index,CCYY,Units,Normal value,Public
datastructure,WB.DATA360:DS_DATA360(1.3),I,A,KAZ,IMF_AI_REG_ETH,_Z,_Z,_Z,0_TO_0_25,_Z,_Z,_Z,2023,MEAN,IX,IMF_AI,602,0,IMF_AI,PU,0.13372325897217,A,Annual,Kazakhstan,AIPI - Regulation and Ethics,Not applicable,Not applicable,Not applicable,0-0.25 scale,Not Applicable,Not Applicable,Not Applicable,Mean,Index,Artificial Intelligence (AI) Preparedness Index,CCYY,Units,Normal value,Public
datastructure,WB.DATA360:DS_DATA360(1.3),I,A,KEN,IMF_AI_REG_ETH,_Z,_Z,_Z,0_TO_0_25,_Z,_Z,_Z,2023,MEAN,IX,IMF_AI,602,0,IMF_AI,PU,0.1295640617609,A,Annual,Kenya,AIPI - Regulation and Ethics,Not applicable,Not applicable,Not applicable,0-0.25 scale,Not Applicable,Not Applicable,Not Applicable,Mean,Index,Artificial Intelligence (AI) Preparedness Index,CCYY,Units,Normal value,Public
datastructure,WB.DATA360:DS_DATA360(1.3),I,A,KGZ,IMF_AI_REG_ETH,_Z,_Z,_Z,0_TO_0_25,_Z,_Z,_Z,2023,MEAN,IX,IMF_AI,602,0,IMF_AI,PU,0.096117943525314,A,Annual,Kyrgyz Republic,AIPI - Regulation and Ethics,Not applicable,Not applicable,Not applicable,0-0.25 scale,Not Applicable,Not Applicable,Not Applicable,Mean,Index,Artificial Intelligence (AI) Preparedness Index,CCYY,Units,Normal value,Public
datastructure,WB.DATA360:DS_DATA360(1.3),I,A,KHM,IMF_AI_REG_ETH,_Z,_Z,_Z,0_TO_0_25,_Z,_Z,_Z,2023,MEAN,IX,IMF_AI,602,0,IMF_AI,PU,0.080631993710995,A,Annual,Cambodia,AIPI - Regulation and Ethics,Not applicable,Not applicable,Not applicable,0-0.25 scale,Not Applicable,Not Applicable,Not Applicable,Mean,Index,Artificial Intelligence (AI) Preparedness Index,CCYY,Units,Normal value,Public
datastructure,WB.DATA360:DS_DATA360(1.3),I,A,KOR,IMF_AI_REG_ETH,_Z,_Z,_Z,0_TO_0_25,_Z,_Z,_Z,2023,MEAN,IX,IMF_AI,602,0,IMF_AI,PU,0.1986278295517,A,Annual,"Korea, Rep.",AIPI - Regulation and Ethics,Not applicable,Not applicable,Not applicable,0-0.25 scale,Not Applicable,Not Applicable,Not Applicable,Mean,Index,Artificial Intelligence (AI) Preparedness Index,CCYY,Units,Normal value,Public
datastructure,WB.DATA360:DS_DATA360(1.3),I,A,KWT,IMF_AI_REG_ETH,_Z,_Z,_Z,0_TO_0_25,_Z,_Z,_Z,2023,MEAN,IX,IMF_AI,602,0,IMF_AI,PU,0.11714094132185,A,Annual,Kuwait,AIPI - Regulation and Ethics,Not applicable,Not applicable,Not applicable,0-0.25 scale,Not Applicable,Not Applicable,Not Applicable,Mean,Index,Artificial Intelligence (AI) Preparedness Index,CCYY,Units,Normal value,Public
datastructure,WB.DATA360:DS_DATA360(1.3),I,A,LAO,IMF_AI_REG_ETH,_Z,_Z,_Z,0_TO_0_25,_Z,_Z,_Z,2023,MEAN,IX,IMF_AI,602,0,IMF_AI,PU,0.076970495283604,A,Annual,Lao PDR,AIPI - Regulation and Ethics,Not applicable,Not applicable,Not applicable,0-0.25 scale,Not Applicable,Not Applicable,Not Applicable,Mean,Index,Artificial Intelligence (AI) Preparedness Index,CCYY,Units,Normal value,Public
datastructure,WB.DATA360:DS_DATA360(1.3),I,A,LBN,IMF_AI_REG_ETH,_Z,_Z,_Z,0_TO_0_25,_Z,_Z,_Z,2023,MEAN,IX,IMF_AI,602,0,IMF_AI,PU,0.080941185355186,A,Annual,Lebanon,AIPI - Regulation and Ethics,Not applicable,Not applicable,Not applicable,0-0.25 scale,Not Applicable,Not Applicable,Not Applicable,Mean,Index,Artificial Intelligence (AI) Preparedness Index,CCYY,Units,Normal value,Public
datastructure,WB.DATA360:DS_DATA360(1.3),I,A,LBR,IMF_AI_REG_ETH,_Z,_Z,_Z,0_TO_0_25,_Z,_Z,_Z,2023,MEAN,IX,IMF_AI,602,0,IMF_AI,PU,0.080249987542629,A,Annual,Liberia,AIPI - Regulation and Ethics,Not applicable,Not applicable,Not applicable,0-0.25 scale,Not Applicable,Not Applicable,Not Applicable,Mean,Index,Artificial Intelligence (AI) Preparedness Index,CCYY,Units,Normal value,Public
datastructure,WB.DATA360:DS_DATA360(1.3),I,A,LBY,IMF_AI_REG_ETH,_Z,_Z,_Z,0_TO_0_25,_Z,_Z,_Z,2023,MEAN,IX,IMF_AI,602,0,IMF_AI,PU,0.027793180197477,A,Annual,Libya,AIPI - Regulation and Ethics,Not applicable,Not applicable,Not applicable,0-0.25 scale,Not Applicable,Not Applicable,Not Applicable,Mean,Index,Artificial Intelligence (AI) Preparedness Index,CCYY,Units,Normal value,Public
datastructure,WB.DATA360:DS_DATA360(1.3),I,A,LCA,IMF_AI_REG_ETH,_Z,_Z,_Z,0_TO_0_25,_Z,_Z,_Z,2023,MEAN,IX,IMF_AI,602,0,IMF_AI,PU,0.13893456757069,A,Annual,St. Lucia,AIPI - Regulation and Ethics,Not applicable,Not applicable,Not applicable,0-0.25 scale,Not Applicable,Not Applicable,Not Applicable,Mean,Index,Artificial Intelligence (AI) Preparedness Index,CCYY,Units,Normal value,Public
datastructure,WB.DATA360:DS_DATA360(1.3),I,A,LIC,IMF_AI_REG_ETH,_Z,_Z,_Z,0_TO_0_25,_Z,_Z,_Z,2023,MEAN,IX,IMF_AI,602,0,IMF_AI,PU,0.079586175760986,A,Annual,Low income,AIPI - Regulation and Ethics,Not applicable,Not applicable,Not applicable,0-0.25 scale,Not Applicable,Not Applicable,Not Applicable,Mean,Index,Artificial Intelligence (AI) Preparedness Index,CCYY,Units,Normal value,Public
datastructure,WB.DATA360:DS_DATA360(1.3),I,A,LKA,IMF_AI_REG_ETH,_Z,_Z,_Z,0_TO_0_25,_Z,_Z,_Z,2023,MEAN,IX,IMF_AI,602,0,IMF_AI,PU,0.10772097855806,A,Annual,Sri Lanka,AIPI - Regulation and Ethics,Not applicable,Not applicable,Not applicable,0-0.25 scale,Not Applicable,Not Applicable,Not Applicable,Mean,Index,Artificial Intelligence (AI) Preparedness Index,CCYY,Units,Normal value,Public
datastructure,WB.DATA360:DS_DATA360(1.3),I,A,LSO,IMF_AI_REG_ETH,_Z,_Z,_Z,0_TO_0_25,_Z,_Z,_Z,2023,MEAN,IX,IMF_AI,602,0,IMF_AI,PU,0.10498628020287,A,Annual,Lesotho,AIPI - Regulation and Ethics,Not applicable,Not applicable,Not applicable,0-0.25 scale,Not Applicable,Not Applicable,Not Applicable,Mean,Index,Artificial Intelligence (AI) Preparedness Index,CCYY,Units,Normal value,Public
datastructure,WB.DATA360:DS_DATA360(1.3),I,A,LTU,IMF_AI_REG_ETH,_Z,_Z,_Z,0_TO_0_25,_Z,_Z,_Z,2023,MEAN,IX,IMF_AI,602,0,IMF_AI,PU,0.17141288518906,A,Annual,Lithuania,AIPI - Regulation and Ethics,Not applicable,Not applicable,Not applicable,0-0.25 scale,Not Applicable,Not Applicable,Not Applicable,Mean,Index,Artificial Intelligence (AI) Preparedness Index,CCYY,Units,Normal value,Public
datastructure,WB.DATA360:DS_DATA360(1.3),I,A,LUX,IMF_AI_REG_ETH,_Z,_Z,_Z,0_TO_0_25,_Z,_Z,_Z,2023,MEAN,IX,IMF_AI,602,0,IMF_AI,PU,0.22215484082699,A,Annual,Luxembourg,AIPI - Regulation and Ethics,Not applicable,Not applicable,Not applicable,0-0.25 scale,Not Applicable,Not Applicable,Not Applicable,Mean,Index,Artificial Intelligence (AI) Preparedness Index,CCYY,Units,Normal value,Public
datastructure,WB.DATA360:DS_DATA360(1.3),I,A,LVA,IMF_AI_REG_ETH,_Z,_Z,_Z,0_TO_0_25,_Z,_Z,_Z,2023,MEAN,IX,IMF_AI,602,0,IMF_AI,PU,0.16185165941715,A,Annual,Latvia,AIPI - Regulation and Ethics,Not applicable,Not applicable,Not applicable,0-0.25 scale,Not Applicable,Not Applicable,Not Applicable,Mean,Index,Artificial Intelligence (AI) Preparedness Index,CCYY,Units,Normal value,Public
datastructure,WB.DATA360:DS_DATA360(1.3),I,A,MAC,IMF_AI_REG_ETH,_Z,_Z,_Z,0_TO_0_25,_Z,_Z,_Z,2023,MEAN,IX,IMF_AI,602,0,IMF_AI,PU,0.14425145089626,A,Annual,"Macao SAR, China",AIPI - Regulation and Ethics,Not applicable,Not applicable,Not applicable,0-0.25 scale,Not Applicable,Not Applicable,Not Applicable,Mean,Index,Artificial Intelligence (AI) Preparedness Index,CCYY,Units,Normal value,Public
datastructure,WB.DATA360:DS_DATA360(1.3),I,A,MAR,IMF_AI_REG_ETH,_Z,_Z,_Z,0_TO_0_25,_Z,_Z,_Z,2023,MEAN,IX,IMF_AI,602,0,IMF_AI,PU,0.099165663123131,A,Annual,Morocco,AIPI - Regulation and Ethics,Not applicable,Not applicable,Not applicable,0-0.25 scale,Not Applicable,Not Applicable,Not Applicable,Mean,Index,Artificial Intelligence (AI) Preparedness Index,CCYY,Units,Normal value,Public
datastructure,WB.DATA360:DS_DATA360(1.3),I,A,MDA,IMF_AI_REG_ETH,_Z,_Z,_Z,0_TO_0_25,_Z,_Z,_Z,2023,MEAN,IX,IMF_AI,602,0,IMF_AI,PU,0.1260299384594,A,Annual,Moldova,AIPI - Regulation and Ethics,Not applicable,Not applicable,Not applicable,0-0.25 scale,Not Applicable,Not Applicable,Not Applicable,Mean,Index,Artificial Intelligence (AI) Preparedness Index,CCYY,Units,Normal value,Public
datastructure,WB.DATA360:DS_DATA360(1.3),I,A,MDG,IMF_AI_REG_ETH,_Z,_Z,_Z,0_TO_0_25,_Z,_Z,_Z,2023,MEAN,IX,IMF_AI,602,0,IMF_AI,PU,0.087534353137016,A,Annual,Madagascar,AIPI - Regulation and Ethics,Not applicable,Not applicable,Not applicable,0-0.25 scale,Not Applicable,Not Applicable,Not Applicable,Mean,Index,Artificial Intelligence (AI) Preparedness Index,CCYY,Units,Normal value,Public
datastructure,WB.DATA360:DS_DATA360(1.3),I,A,MDV,IMF_AI_REG_ETH,_Z,_Z,_Z,0_TO_0_25,_Z,_Z,_Z,2023,MEAN,IX,IMF_AI,602,0,IMF_AI,PU,0.11483982950449,A,Annual,Maldives,AIPI - Regulation and Ethics,Not applicable,Not applicable,Not applicable,0-0.25 scale,Not Applicable,Not Applicable,Not Applicable,Mean,Index,Artificial Intelligence (AI) Preparedness Index,CCYY,Units,Normal value,Public
datastructure,WB.DATA360:DS_DATA360(1.3),I,A,MEX,IMF_AI_REG_ETH,_Z,_Z,_Z,0_TO_0_25,_Z,_Z,_Z,2023,MEAN,IX,IMF_AI,602,0,IMF_AI,PU,0.13724508881569,A,Annual,Mexico,AIPI - Regulation and Ethics,Not applicable,Not applicable,Not applicable,0-0.25 scale,Not Applicable,Not Applicable,Not Applicable,Mean,Index,Artificial Intelligence (AI) Preparedness Index,CCYY,Units,Normal value,Public
datastructure,WB.DATA360:DS_DATA360(1.3),I,A,MKD,IMF_AI_REG_ETH,_Z,_Z,_Z,0_TO_0_25,_Z,_Z,_Z,2023,MEAN,IX,IMF_AI,602,0,IMF_AI,PU,0.12856166064739,A,Annual,North Macedonia,AIPI - Regulation and Ethics,Not applicable,Not applicable,Not applicable,0-0.25 scale,Not Applicable,Not Applicable,Not Applicable,Mean,Index,Artificial Intelligence (AI) Preparedness Index,CCYY,Units,Normal value,Public
datastructure,WB.DATA360:DS_DATA360(1.3),I,A,MLI,IMF_AI_REG_ETH,_Z,_Z,_Z,0_TO_0_25,_Z,_Z,_Z,2023,MEAN,IX,IMF_AI,602,0,IMF_AI,PU,0.076844148337841,A,Annual,Mali,AIPI - Regulation and Ethics,Not applicable,Not applicable,Not applicable,0-0.25 scale,Not Applicable,Not Applicable,Not Applicable,Mean,Index,Artificial Intelligence (AI) Preparedness Index,CCYY,Units,Normal value,Public
datastructure,WB.DATA360:DS_DATA360(1.3),I,A,MLT,IMF_AI_REG_ETH,_Z,_Z,_Z,0_TO_0_25,_Z,_Z,_Z,2023,MEAN,IX,IMF_AI,602,0,IMF_AI,PU,0.18614806234837,A,Annual,Malta,AIPI - Regulation and Ethics,Not applicable,Not applicable,Not applicable,0-0.25 scale,Not Applicable,Not Applicable,Not Applicable,Mean,Index,Artificial Intelligence (AI) Preparedness Index,CCYY,Units,Normal value,Public
datastructure,WB.DATA360:DS_DATA360(1.3),I,A,MMR,IMF_AI_REG_ETH,_Z,_Z,_Z,0_TO_0_25,_Z,_Z,_Z,2023,MEAN,IX,IMF_AI,602,0,IMF_AI,PU,0.051759276539087,A,Annual,Myanmar,AIPI - Regulation and Ethics,Not applicable,Not applicable,Not applicable,0-0.25 scale,Not Applicable,Not Applicable,Not Applicable,Mean,Index,Artificial Intelligence (AI) Preparedness Index,CCYY,Units,Normal value,Public
datastructure,WB.DATA360:DS_DATA360(1.3),I,A,MNE,IMF_AI_REG_ETH,_Z,_Z,_Z,0_TO_0_25,_Z,_Z,_Z,2023,MEAN,IX,IMF_AI,602,0,IMF_AI,PU,0.12672398984432,A,Annual,Montenegro,AIPI - Regulation and Ethics,Not applicable,Not applicable,Not applicable,0-0.25 scale,Not Applicable,Not Applicable,Not Applicable,Mean,Index,Artificial Intelligence (AI) Preparedness Index,CCYY,Units,Normal value,Public
datastructure,WB.DATA360:DS_DATA360(1.3),I,A,MNG,IMF_AI_REG_ETH,_Z,_Z,_Z,0_TO_0_25,_Z,_Z,_Z,2023,MEAN,IX,IMF_AI,602,0,IMF_AI,PU,0.12010857462883,A,Annual,Mongolia,AIPI - Regulation and Ethics,Not applicable,Not applicable,Not applicable,0-0.25 scale,Not Applicable,Not Applicable,Not Applicable,Mean,Index,Artificial Intelligence (AI) Preparedness Index,CCYY,Units,Normal value,Public
datastructure,WB.DATA360:DS_DATA360(1.3),I,A,MOZ,IMF_AI_REG_ETH,_Z,_Z,_Z,0_TO_0_25,_Z,_Z,_Z,2023,MEAN,IX,IMF_AI,602,0,IMF_AI,PU,0.067550674080849,A,Annual,Mozambique,AIPI - Regulation and Ethics,Not applicable,Not applicable,Not applicable,0-0.25 scale,Not Applicable,Not Applicable,Not Applicable,Mean,Index,Artificial Intelligence (AI) Preparedness Index,CCYY,Units,Normal value,Public
datastructure,WB.DATA360:DS_DATA360(1.3),I,A,MRT,IMF_AI_REG_ETH,_Z,_Z,_Z,0_TO_0_25,_Z,_Z,_Z,2023,MEAN,IX,IMF_AI,602,0,IMF_AI,PU,0.050356760621071,A,Annual,Mauritania,AIPI - Regulation and Ethics,Not applicable,Not applicable,Not applicable,0-0.25 scale,Not Applicable,Not Applicable,Not Applicable,Mean,Index,Artificial Intelligence (AI) Preparedness Index,CCYY,Units,Normal value,Public
datastructure,WB.DATA360:DS_DATA360(1.3),I,A,MUS,IMF_AI_REG_ETH,_Z,_Z,_Z,0_TO_0_25,_Z,_Z,_Z,2023,MEAN,IX,IMF_AI,602,0,IMF_AI,PU,0.14454154670238,A,Annual,Mauritius,AIPI - Regulation and Ethics,Not applicable,Not applicable,Not applicable,0-0.25 scale,Not Applicable,Not Applicable,Not Applicable,Mean,Index,Artificial Intelligence (AI) Preparedness Index,CCYY,Units,Normal value,Public
datastructure,WB.DATA360:DS_DATA360(1.3),I,A,MWI,IMF_AI_REG_ETH,_Z,_Z,_Z,0_TO_0_25,_Z,_Z,_Z,2023,MEAN,IX,IMF_AI,602,0,IMF_AI,PU,0.095529802143574,A,Annual,Malawi,AIPI - Regulation and Ethics,Not applicable,Not applicable,Not applicable,0-0.25 scale,Not Applicable,Not Applicable,Not Applicable,Mean,Index,Artificial Intelligence (AI) Preparedness Index,CCYY,Units,Normal value,Public
datastructure,WB.DATA360:DS_DATA360(1.3),I,A,MYS,IMF_AI_REG_ETH,_Z,_Z,_Z,0_TO_0_25,_Z,_Z,_Z,2023,MEAN,IX,IMF_AI,602,0,IMF_AI,PU,0.17363409698009,A,Annual,Malaysia,AIPI - Regulation and Ethics,Not applicable,Not applicable,Not applicable,0-0.25 scale,Not Applicable,Not Applicable,Not Applicable,Mean,Index,Artificial Intelligence (AI) Preparedness Index,CCYY,Units,Normal value,Public
datastructure,WB.DATA360:DS_DATA360(1.3),I,A,NAM,IMF_AI_REG_ETH,_Z,_Z,_Z,0_TO_0_25,_Z,_Z,_Z,2023,MEAN,IX,IMF_AI,602,0,IMF_AI,PU,0.11820390820503,A,Annual,Namibia,AIPI - Regulation and Ethics,Not applicable,Not applicable,Not applicable,0-0.25 scale,Not Applicable,Not Applicable,Not Applicable,Mean,Index,Artificial Intelligence (AI) Preparedness Index,CCYY,Units,Normal value,Public
datastructure,WB.DATA360:DS_DATA360(1.3),I,A,NER,IMF_AI_REG_ETH,_Z,_Z,_Z,0_TO_0_25,_Z,_Z,_Z,2023,MEAN,IX,IMF_AI,602,0,IMF_AI,PU,0.089016862213612,A,Annual,Niger,AIPI - Regulation and Ethics,Not applicable,Not applicable,Not applicable,0-0.25 scale,Not Applicable,Not Applicable,Not Applicable,Mean,Index,Artificial Intelligence (AI) Preparedness Index,CCYY,Units,Normal value,Public
datastructure,WB.DATA360:DS_DATA360(1.3),I,A,NGA,IMF_AI_REG_ETH,_Z,_Z,_Z,0_TO_0_25,_Z,_Z,_Z,2023,MEAN,IX,IMF_AI,602,0,IMF_AI,PU,0.071787804365158,A,Annual,Nigeria,AIPI - Regulation and Ethics,Not applicable,Not applicable,Not applicable,0-0.25 scale,Not Applicable,Not Applicable,Not Applicable,Mean,Index,Artificial Intelligence (AI) Preparedness Index,CCYY,Units,Normal value,Public
datastructure,WB.DATA360:DS_DATA360(1.3),I,A,NIC,IMF_AI_REG_ETH,_Z,_Z,_Z,0_TO_0_25,_Z,_Z,_Z,2023,MEAN,IX,IMF_AI,602,0,IMF_AI,PU,0.062393456697464,A,Annual,Nicaragua,AIPI - Regulation and Ethics,Not applicable,Not applicable,Not applicable,0-0.25 scale,Not Applicable,Not Applicable,Not Applicable,Mean,Index,Artificial Intelligence (AI) Preparedness Index,CCYY,Units,Normal value,Public
datastructure,WB.DATA360:DS_DATA360(1.3),I,A,NLD,IMF_AI_REG_ETH,_Z,_Z,_Z,0_TO_0_25,_Z,_Z,_Z,2023,MEAN,IX,IMF_AI,602,0,IMF_AI,PU,0.22438891232014,A,Annual,Netherlands,AIPI - Regulation and Ethics,Not applicable,Not applicable,Not applicable,0-0.25 scale,Not Applicable,Not Applicable,Not Applicable,Mean,Index,Artificial Intelligence (AI) Preparedness Index,CCYY,Units,Normal value,Public
datastructure,WB.DATA360:DS_DATA360(1.3),I,A,NOR,IMF_AI_REG_ETH,_Z,_Z,_Z,0_TO_0_25,_Z,_Z,_Z,2023,MEAN,IX,IMF_AI,602,0,IMF_AI,PU,0.20731395483017,A,Annual,Norway,AIPI - Regulation and Ethics,Not applicable,Not applicable,Not applicable,0-0.25 scale,Not Applicable,Not Applicable,Not Applicable,Mean,Index,Artificial Intelligence (AI) Preparedness Index,CCYY,Units,Normal value,Public
datastructure,WB.DATA360:DS_DATA360(1.3),I,A,NPL,IMF_AI_REG_ETH,_Z,_Z,_Z,0_TO_0_25,_Z,_Z,_Z,2023,MEAN,IX,IMF_AI,602,0,IMF_AI,PU,0.085702165961266,A,Annual,Nepal,AIPI - Regulation and Ethics,Not applicable,Not applicable,Not applicable,0-0.25 scale,Not Applicable,Not Applicable,Not Applicable,Mean,Index,Artificial Intelligence (AI) Preparedness Index,CCYY,Units,Normal value,Public
datastructure,WB.DATA360:DS_DATA360(1.3),I,A,NZL,IMF_AI_REG_ETH,_Z,_Z,_Z,0_TO_0_25,_Z,_Z,_Z,2023,MEAN,IX,IMF_AI,602,0,IMF_AI,PU,0.21973490715027,A,Annual,New Zealand,AIPI - Regulation and Ethics,Not applicable,Not applicable,Not applicable,0-0.25 scale,Not Applicable,Not Applicable,Not Applicable,Mean,Index,Artificial Intelligence (AI) Preparedness Index,CCYY,Units,Normal value,Public
datastructure,WB.DATA360:DS_DATA360(1.3),I,A,OMN,IMF_AI_REG_ETH,_Z,_Z,_Z,0_TO_0_25,_Z,_Z,_Z,2023,MEAN,IX,IMF_AI,602,0,IMF_AI,PU,0.13317178189754,A,Annual,Oman,AIPI - Regulation and Ethics,Not applicable,Not applicable,Not applicable,0-0.25 scale,Not Applicable,Not Applicable,Not Applicable,Mean,Index,Artificial Intelligence (AI) Preparedness Index,CCYY,Units,Normal value,Public
datastructure,WB.DATA360:DS_DATA360(1.3),I,A,PAK,IMF_AI_REG_ETH,_Z,_Z,_Z,0_TO_0_25,_Z,_Z,_Z,2023,MEAN,IX,IMF_AI,602,0,IMF_AI,PU,0.1050520837307,A,Annual,Pakistan,AIPI - Regulation and Ethics,Not applicable,Not applicable,Not applicable,0-0.25 scale,Not Applicable,Not Applicable,Not Applicable,Mean,Index,Artificial Intelligence (AI) Preparedness Index,CCYY,Units,Normal value,Public
datastructure,WB.DATA360:DS_DATA360(1.3),I,A,PAN,IMF_AI_REG_ETH,_Z,_Z,_Z,0_TO_0_25,_Z,_Z,_Z,2023,MEAN,IX,IMF_AI,602,0,IMF_AI,PU,0.1359149068594,A,Annual,Panama,AIPI - Regulation and Ethics,Not applicable,Not applicable,Not applicable,0-0.25 scale,Not Applicable,Not Applicable,Not Applicable,Mean,Index,Artificial Intelligence (AI) Preparedness Index,CCYY,Units,Normal value,Public
datastructure,WB.DATA360:DS_DATA360(1.3),I,A,PER,IMF_AI_REG_ETH,_Z,_Z,_Z,0_TO_0_25,_Z,_Z,_Z,2023,MEAN,IX,IMF_AI,602,0,IMF_AI,PU,0.13187259435654,A,Annual,Peru,AIPI - Regulation and Ethics,Not applicable,Not applicable,Not applicable,0-0.25 scale,Not Applicable,Not Applicable,Not Applicable,Mean,Index,Artificial Intelligence (AI) Preparedness Index,CCYY,Units,Normal value,Public
datastructure,WB.DATA360:DS_DATA360(1.3),I,A,PHL,IMF_AI_REG_ETH,_Z,_Z,_Z,0_TO_0_25,_Z,_Z,_Z,2023,MEAN,IX,IMF_AI,602,0,IMF_AI,PU,0.12403523921967,A,Annual,Philippines,AIPI - Regulation and Ethics,Not applicable,Not applicable,Not applicable,0-0.25 scale,Not Applicable,Not Applicable,Not Applicable,Mean,Index,Artificial Intelligence (AI) Preparedness Index,CCYY,Units,Normal value,Public
datastructure,WB.DATA360:DS_DATA360(1.3),I,A,PNG,IMF_AI_REG_ETH,_Z,_Z,_Z,0_TO_0_25,_Z,_Z,_Z,2023,MEAN,IX,IMF_AI,602,0,IMF_AI,PU,0.086475059390068,A,Annual,Papua New Guinea,AIPI - Regulation and Ethics,Not applicable,Not applicable,Not applicable,0-0.25 scale,Not Applicable,Not Applicable,Not Applicable,Mean,Index,Artificial Intelligence (AI) Preparedness Index,CCYY,Units,Normal value,Public
datastructure,WB.DATA360:DS_DATA360(1.3),I,A,POL,IMF_AI_REG_ETH,_Z,_Z,_Z,0_TO_0_25,_Z,_Z,_Z,2023,MEAN,IX,IMF_AI,602,0,IMF_AI,PU,0.14618942141533,A,Annual,Poland,AIPI - Regulation and Ethics,Not applicable,Not applicable,Not applicable,0-0.25 scale,Not Applicable,Not Applicable,Not Applicable,Mean,Index,Artificial Intelligence (AI) Preparedness Index,CCYY,Units,Normal value,Public
datastructure,WB.DATA360:DS_DATA360(1.3),I,A,PRI,IMF_AI_REG_ETH,_Z,_Z,_Z,0_TO_0_25,_Z,_Z,_Z,2023,MEAN,IX,IMF_AI,602,0,IMF_AI,PU,0.14095123112202,A,Annual,Puerto Rico,AIPI - Regulation and Ethics,Not applicable,Not applicable,Not applicable,0-0.25 scale,Not Applicable,Not Applicable,Not Applicable,Mean,Index,Artificial Intelligence (AI) Preparedness Index,CCYY,Units,Normal value,Public
datastructure,WB.DATA360:DS_DATA360(1.3),I,A,PRT,IMF_AI_REG_ETH,_Z,_Z,_Z,0_TO_0_25,_Z,_Z,_Z,2023,MEAN,IX,IMF_AI,602,0,IMF_AI,PU,0.17565663158894,A,Annual,Portugal,AIPI - Regulation and Ethics,Not applicable,Not applicable,Not applicable,0-0.25 scale,Not Applicable,Not Applicable,Not Applicable,Mean,Index,Artificial Intelligence (AI) Preparedness Index,CCYY,Units,Normal value,Public
datastructure,WB.DATA360:DS_DATA360(1.3),I,A,PRY,IMF_AI_REG_ETH,_Z,_Z,_Z,0_TO_0_25,_Z,_Z,_Z,2023,MEAN,IX,IMF_AI,602,0,IMF_AI,PU,0.10795207321644,A,Annual,Paraguay,AIPI - Regulation and Ethics,Not applicable,Not applicable,Not applicable,0-0.25 scale,Not Applicable,Not Applicable,Not Applicable,Mean,Index,Artificial Intelligence (AI) Preparedness Index,CCYY,Units,Normal value,Public
datastructure,WB.DATA360:DS_DATA360(1.3),I,A,QAT,IMF_AI_REG_ETH,_Z,_Z,_Z,0_TO_0_25,_Z,_Z,_Z,2023,MEAN,IX,IMF_AI,602,0,IMF_AI,PU,0.13436177372932,A,Annual,Qatar,AIPI - Regulation and Ethics,Not applicable,Not applicable,Not applicable,0-0.25 scale,Not Applicable,Not Applicable,Not Applicable,Mean,Index,Artificial Intelligence (AI) Preparedness Index,CCYY,Units,Normal value,Public
datastructure,WB.DATA360:DS_DATA360(1.3),I,A,ROU,IMF_AI_REG_ETH,_Z,_Z,_Z,0_TO_0_25,_Z,_Z,_Z,2023,MEAN,IX,IMF_AI,602,0,IMF_AI,PU,0.15060719847679,A,Annual,Romania,AIPI - Regulation and Ethics,Not applicable,Not applicable,Not applicable,0-0.25 scale,Not Applicable,Not Applicable,Not Applicable,Mean,Index,Artificial Intelligence (AI) Preparedness Index,CCYY,Units,Normal value,Public
datastructure,WB.DATA360:DS_DATA360(1.3),I,A,RUS,IMF_AI_REG_ETH,_Z,_Z,_Z,0_TO_0_25,_Z,_Z,_Z,2023,MEAN,IX,IMF_AI,602,0,IMF_AI,PU,0.11594174802303,A,Annual,Russian Federation,AIPI - Regulation and Ethics,Not applicable,Not applicable,Not applicable,0-0.25 scale,Not Applicable,Not Applicable,Not Applicable,Mean,Index,Artificial Intelligence (AI) Preparedness Index,CCYY,Units,Normal value,Public
datastructure,WB.DATA360:DS_DATA360(1.3),I,A,RWA,IMF_AI_REG_ETH,_Z,_Z,_Z,0_TO_0_25,_Z,_Z,_Z,2023,MEAN,IX,IMF_AI,602,0,IMF_AI,PU,0.13993240892887,A,Annual,Rwanda,AIPI - Regulation and Ethics,Not applicable,Not applicable,Not applicable,0-0.25 scale,Not Applicable,Not Applicable,Not Applicable,Mean,Index,Artificial Intelligence (AI) Preparedness Index,CCYY,Units,Normal value,Public
datastructure,WB.DATA360:DS_DATA360(1.3),I,A,SAU,IMF_AI_REG_ETH,_Z,_Z,_Z,0_TO_0_25,_Z,_Z,_Z,2023,MEAN,IX,IMF_AI,602,0,IMF_AI,PU,0.13955771923065,A,Annual,Saudi Arabia,AIPI - Regulation and Ethics,Not applicable,Not applicable,Not applicable,0-0.25 scale,Not Applicable,Not Applicable,Not Applicable,Mean,Index,Artificial Intelligence (AI) Preparedness Index,CCYY,Units,Normal value,Public
datastructure,WB.DATA360:DS_DATA360(1.3),I,A,SDN,IMF_AI_REG_ETH,_Z,_Z,_Z,0_TO_0_25,_Z,_Z,_Z,2023,MEAN,IX,IMF_AI,602,0,IMF_AI,PU,0.030148828402162,A,Annual,Sudan,AIPI - Regulation and Ethics,Not applicable,Not applicable,Not applicable,0-0.25 scale,Not Applicable,Not Applicable,Not Applicable,Mean,Index,Artificial Intelligence (AI) Preparedness Index,CCYY,Units,Normal value,Public
datastructure,WB.DATA360:DS_DATA360(1.3),I,A,SEN,IMF_AI_REG_ETH,_Z,_Z,_Z,0_TO_0_25,_Z,_Z,_Z,2023,MEAN,IX,IMF_AI,602,0,IMF_AI,PU,0.12431353330612,A,Annual,Senegal,AIPI - Regulation and Ethics,Not applicable,Not applicable,Not applicable,0-0.25 scale,Not Applicable,Not Applicable,Not Applicable,Mean,Index,Artificial Intelligence (AI) Preparedness Index,CCYY,Units,Normal value,Public
datastructure,WB.DATA360:DS_DATA360(1.3),I,A,SGP,IMF_AI_REG_ETH,_Z,_Z,_Z,0_TO_0_25,_Z,_Z,_Z,2023,MEAN,IX,IMF_AI,602,0,IMF_AI,PU,0.21621714532375,A,Annual,Singapore,AIPI - Regulation and Ethics,Not applicable,Not applicable,Not applicable,0-0.25 scale,Not Applicable,Not Applicable,Not Applicable,Mean,Index,Artificial Intelligence (AI) Preparedness Index,CCYY,Units,Normal value,Public
datastructure,WB.DATA360:DS_DATA360(1.3),I,A,SLE,IMF_AI_REG_ETH,_Z,_Z,_Z,0_TO_0_25,_Z,_Z,_Z,2023,MEAN,IX,IMF_AI,602,0,IMF_AI,PU,0.080426640808582,A,Annual,Sierra Leone,AIPI - Regulation and Ethics,Not applicable,Not applicable,Not applicable,0-0.25 scale,Not Applicable,Not Applicable,Not Applicable,Mean,Index,Artificial Intelligence (AI) Preparedness Index,CCYY,Units,Normal value,Public
datastructure,WB.DATA360:DS_DATA360(1.3),I,A,SLV,IMF_AI_REG_ETH,_Z,_Z,_Z,0_TO_0_25,_Z,_Z,_Z,2023,MEAN,IX,IMF_AI,602,0,IMF_AI,PU,0.094834513962269,A,Annual,El Salvador,AIPI - Regulation and Ethics,Not applicable,Not applicable,Not applicable,0-0.25 scale,Not Applicable,Not Applicable,Not Applicable,Mean,Index,Artificial Intelligence (AI) Preparedness Index,CCYY,Units,Normal value,Public
datastructure,WB.DATA360:DS_DATA360(1.3),I,A,SOM,IMF_AI_REG_ETH,_Z,_Z,_Z,0_TO_0_25,_Z,_Z,_Z,2023,MEAN,IX,IMF_AI,602,0,IMF_AI,PU,0.033615246415138,A,Annual,Federal Republic of Somalia,AIPI - Regulation and Ethics,Not applicable,Not applicable,Not applicable,0-0.25 scale,Not Applicable,Not Applicable,Not Applicable,Mean,Index,Artificial Intelligence (AI) Preparedness Index,CCYY,Units,Normal value,Public
datastructure,WB.DATA360:DS_DATA360(1.3),I,A,SRB,IMF_AI_REG_ETH,_Z,_Z,_Z,0_TO_0_25,_Z,_Z,_Z,2023,MEAN,IX,IMF_AI,602,0,IMF_AI,PU,0.14336368441582,A,Annual,Serbia,AIPI - Regulation and Ethics,Not applicable,Not applicable,Not applicable,0-0.25 scale,Not Applicable,Not Applicable,Not Applicable,Mean,Index,Artificial Intelligence (AI) Preparedness Index,CCYY,Units,Normal value,Public
datastructure,WB.DATA360:DS_DATA360(1.3),I,A,SSD,IMF_AI_REG_ETH,_Z,_Z,_Z,0_TO_0_25,_Z,_Z,_Z,2023,MEAN,IX,IMF_AI,602,0,IMF_AI,PU,0.0074358223937452,A,Annual,South Sudan,AIPI - Regulation and Ethics,Not applicable,Not applicable,Not applicable,0-0.25 scale,Not Applicable,Not Applicable,Not Applicable,Mean,Index,Artificial Intelligence (AI) Preparedness Index,CCYY,Units,Normal value,Public
datastructure,WB.DATA360:DS_DATA360(1.3),I,A,STP,IMF_AI_REG_ETH,_Z,_Z,_Z,0_TO_0_25,_Z,_Z,_Z,2023,MEAN,IX,IMF_AI,602,0,IMF_AI,PU,0.085905365645885,A,Annual,São Tomé and Príncipe,AIPI - Regulation and Ethics,Not applicable,Not applicable,Not applicable,0-0.25 scale,Not Applicable,Not Applicable,Not Applicable,Mean,Index,Artificial Intelligence (AI) Preparedness Index,CCYY,Units,Normal value,Public
datastructure,WB.DATA360:DS_DATA360(1.3),I,A,SUR,IMF_AI_REG_ETH,_Z,_Z,_Z,0_TO_0_25,_Z,_Z,_Z,2023,MEAN,IX,IMF_AI,602,0,IMF_AI,PU,0.10135295242071,A,Annual,Suriname,AIPI - Regulation and Ethics,Not applicable,Not applicable,Not applicable,0-0.25 scale,Not Applicable,Not Applicable,Not Applicable,Mean,Index,Artificial Intelligence (AI) Preparedness Index,CCYY,Units,Normal value,Public
datastructure,WB.DATA360:DS_DATA360(1.3),I,A,SVK,IMF_AI_REG_ETH,_Z,_Z,_Z,0_TO_0_25,_Z,_Z,_Z,2023,MEAN,IX,IMF_AI,602,0,IMF_AI,PU,0.14349250495434,A,Annual,Slovak Republic,AIPI - Regulation and Ethics,Not applicable,Not applicable,Not applicable,0-0.25 scale,Not Applicable,Not Applicable,Not Applicable,Mean,Index,Artificial Intelligence (AI) Preparedness Index,CCYY,Units,Normal value,Public
datastructure,WB.DATA360:DS_DATA360(1.3),I,A,SVN,IMF_AI_REG_ETH,_Z,_Z,_Z,0_TO_0_25,_Z,_Z,_Z,2023,MEAN,IX,IMF_AI,602,0,IMF_AI,PU,0.17690572142601,A,Annual,Slovenia,AIPI - Regulation and Ethics,Not applicable,Not applicable,Not applicable,0-0.25 scale,Not Applicable,Not Applicable,Not Applicable,Mean,Index,Artificial Intelligence (AI) Preparedness Index,CCYY,Units,Normal value,Public
datastructure,WB.DATA360:DS_DATA360(1.3),I,A,SWE,IMF_AI_REG_ETH,_Z,_Z,_Z,0_TO_0_25,_Z,_Z,_Z,2023,MEAN,IX,IMF_AI,602,0,IMF_AI,PU,0.21035628020763,A,Annual,Sweden,AIPI - Regulation and Ethics,Not applicable,Not applicable,Not applicable,0-0.25 scale,Not Applicable,Not Applicable,Not Applicable,Mean,Index,Artificial Intelligence (AI) Preparedness Index,CCYY,Units,Normal value,Public
datastructure,WB.DATA360:DS_DATA360(1.3),I,A,SWZ,IMF_AI_REG_ETH,_Z,_Z,_Z,0_TO_0_25,_Z,_Z,_Z,2023,MEAN,IX,IMF_AI,602,0,IMF_AI,PU,0.058597270399332,A,Annual,Eswatini,AIPI - Regulation and Ethics,Not applicable,Not applicable,Not applicable,0-0.25 scale,Not Applicable,Not Applicable,Not Applicable,Mean,Index,Artificial Intelligence (AI) Preparedness Index,CCYY,Units,Normal value,Public
datastructure,WB.DATA360:DS_DATA360(1.3),I,A,SYC,IMF_AI_REG_ETH,_Z,_Z,_Z,0_TO_0_25,_Z,_Z,_Z,2023,MEAN,IX,IMF_AI,602,0,IMF_AI,PU,0.14484688639641,A,Annual,Seychelles,AIPI - Regulation and Ethics,Not applicable,Not applicable,Not applicable,0-0.25 scale,Not Applicable,Not Applicable,Not Applicable,Mean,Index,Artificial Intelligence (AI) Preparedness Index,CCYY,Units,Normal value,Public
datastructure,WB.DATA360:DS_DATA360(1.3),I,A,SYR,IMF_AI_REG_ETH,_Z,_Z,_Z,0_TO_0_25,_Z,_Z,_Z,2023,MEAN,IX,IMF_AI,602,0,IMF_AI,PU,0.020430790260434,A,Annual,Syrian Arab Republic,AIPI - Regulation and Ethics,Not applicable,Not applicable,Not applicable,0-0.25 scale,Not Applicable,Not Applicable,Not Applicable,Mean,Index,Artificial Intelligence (AI) Preparedness Index,CCYY,Units,Normal value,Public
datastructure,WB.DATA360:DS_DATA360(1.3),I,A,TCD,IMF_AI_REG_ETH,_Z,_Z,_Z,0_TO_0_25,_Z,_Z,_Z,2023,MEAN,IX,IMF_AI,602,0,IMF_AI,PU,0.052882857620716,A,Annual,Chad,AIPI - Regulation and Ethics,Not applicable,Not applicable,Not applicable,0-0.25 scale,Not Applicable,Not Applicable,Not Applicable,Mean,Index,Artificial Intelligence (AI) Preparedness Index,CCYY,Units,Normal value,Public
datastructure,WB.DATA360:DS_DATA360(1.3),I,A,TGO,IMF_AI_REG_ETH,_Z,_Z,_Z,0_TO_0_25,_Z,_Z,_Z,2023,MEAN,IX,IMF_AI,602,0,IMF_AI,PU,0.090915694832802,A,Annual,Togo,AIPI - Regulation and Ethics,Not applicable,Not applicable,Not applicable,0-0.25 scale,Not Applicable,Not Applicable,Not Applicable,Mean,Index,Artificial Intelligence (AI) Preparedness Index,CCYY,Units,Normal value,Public
datastructure,WB.DATA360:DS_DATA360(1.3),I,A,THA,IMF_AI_REG_ETH,_Z,_Z,_Z,0_TO_0_25,_Z,_Z,_Z,2023,MEAN,IX,IMF_AI,602,0,IMF_AI,PU,0.13387206196785,A,Annual,Thailand,AIPI - Regulation and Ethics,Not applicable,Not applicable,Not applicable,0-0.25 scale,Not Applicable,Not Applicable,Not Applicable,Mean,Index,Artificial Intelligence (AI) Preparedness Index,CCYY,Units,Normal value,Public
datastructure,WB.DATA360:DS_DATA360(1.3),I,A,TJK,IMF_AI_REG_ETH,_Z,_Z,_Z,0_TO_0_25,_Z,_Z,_Z,2023,MEAN,IX,IMF_AI,602,0,IMF_AI,PU,0.074251361191273,A,Annual,Tajikistan,AIPI - Regulation and Ethics,Not applicable,Not applicable,Not applicable,0-0.25 scale,Not Applicable,Not Applicable,Not Applicable,Mean,Index,Artificial Intelligence (AI) Preparedness Index,CCYY,Units,Normal value,Public
datastructure,WB.DATA360:DS_DATA360(1.3),I,A,TLS,IMF_AI_REG_ETH,_Z,_Z,_Z,0_TO_0_25,_Z,_Z,_Z,2023,MEAN,IX,IMF_AI,602,0,IMF_AI,PU,0.11932499706745,A,Annual,Timor-Leste,AIPI - Regulation and Ethics,Not applicable,Not applicable,Not applicable,0-0.25 scale,Not Applicable,Not Applicable,Not Applicable,Mean,Index,Artificial Intelligence (AI) Preparedness Index,CCYY,Units,Normal value,Public
datastructure,WB.DATA360:DS_DATA360(1.3),I,A,TTO,IMF_AI_REG_ETH,_Z,_Z,_Z,0_TO_0_25,_Z,_Z,_Z,2023,MEAN,IX,IMF_AI,602,0,IMF_AI,PU,0.10743100196123,A,Annual,Trinidad and Tobago,AIPI - Regulation and Ethics,Not applicable,Not applicable,Not applicable,0-0.25 scale,Not Applicable,Not Applicable,Not Applicable,Mean,Index,Artificial Intelligence (AI) Preparedness Index,CCYY,Units,Normal value,Public
datastructure,WB.DATA360:DS_DATA360(1.3),I,A,TUN,IMF_AI_REG_ETH,_Z,_Z,_Z,0_TO_0_25,_Z,_Z,_Z,2023,MEAN,IX,IMF_AI,602,0,IMF_AI,PU,0.12202405929565,A,Annual,Tunisia,AIPI - Regulation and Ethics,Not applicable,Not applicable,Not applicable,0-0.25 scale,Not Applicable,Not Applicable,Not Applicable,Mean,Index,Artificial Intelligence (AI) Preparedness Index,CCYY,Units,Normal value,Public
datastructure,WB.DATA360:DS_DATA360(1.3),I,A,TUR,IMF_AI_REG_ETH,_Z,_Z,_Z,0_TO_0_25,_Z,_Z,_Z,2023,MEAN,IX,IMF_AI,602,0,IMF_AI,PU,0.13389377295971,A,Annual,Türkiye,AIPI - Regulation and Ethics,Not applicable,Not applicable,Not applicable,0-0.25 scale,Not Applicable,Not Applicable,Not Applicable,Mean,Index,Artificial Intelligence (AI) Preparedness Index,CCYY,Units,Normal value,Public
datastructure,WB.DATA360:DS_DATA360(1.3),I,A,TWN,IMF_AI_REG_ETH,_Z,_Z,_Z,0_TO_0_25,_Z,_Z,_Z,2023,MEAN,IX,IMF_AI,602,0,IMF_AI,PU,0.18282178044319,A,Annual,"Taiwan, China",AIPI - Regulation and Ethics,Not applicable,Not applicable,Not applicable,0-0.25 scale,Not Applicable,Not Applicable,Not Applicable,Mean,Index,Artificial Intelligence (AI) Preparedness Index,CCYY,Units,Normal value,Public
datastructure,WB.DATA360:DS_DATA360(1.3),I,A,TZA,IMF_AI_REG_ETH,_Z,_Z,_Z,0_TO_0_25,_Z,_Z,_Z,2023,MEAN,IX,IMF_AI,602,0,IMF_AI,PU,0.093561768531799,A,Annual,Tanzania,AIPI - Regulation and Ethics,Not applicable,Not applicable,Not applicable,0-0.25 scale,Not Applicable,Not Applicable,Not Applicable,Mean,Index,Artificial Intelligence (AI) Preparedness Index,CCYY,Units,Normal value,Public
datastructure,WB.DATA360:DS_DATA360(1.3),I,A,UGA,IMF_AI_REG_ETH,_Z,_Z,_Z,0_TO_0_25,_Z,_Z,_Z,2023,MEAN,IX,IMF_AI,602,0,IMF_AI,PU,0.09008777141571,A,Annual,Uganda,AIPI - Regulation and Ethics,Not applicable,Not applicable,Not applicable,0-0.25 scale,Not Applicable,Not Applicable,Not Applicable,Mean,Index,Artificial Intelligence (AI) Preparedness Index,CCYY,Units,Normal value,Public
datastructure,WB.DATA360:DS_DATA360(1.3),I,A,UKR,IMF_AI_REG_ETH,_Z,_Z,_Z,0_TO_0_25,_Z,_Z,_Z,2023,MEAN,IX,IMF_AI,602,0,IMF_AI,PU,0.12307190895081,A,Annual,Ukraine,AIPI - Regulation and Ethics,Not applicable,Not applicable,Not applicable,0-0.25 scale,Not Applicable,Not Applicable,Not Applicable,Mean,Index,Artificial Intelligence (AI) Preparedness Index,CCYY,Units,Normal value,Public
datastructure,WB.DATA360:DS_DATA360(1.3),I,A,URY,IMF_AI_REG_ETH,_Z,_Z,_Z,0_TO_0_25,_Z,_Z,_Z,2023,MEAN,IX,IMF_AI,602,0,IMF_AI,PU,0.16826623678207,A,Annual,Uruguay,AIPI - Regulation and Ethics,Not applicable,Not applicable,Not applicable,0-0.25 scale,Not Applicable,Not Applicable,Not Applicable,Mean,Index,Artificial Intelligence (AI) Preparedness Index,CCYY,Units,Normal value,Public
datastructure,WB.DATA360:DS_DATA360(1.3),I,A,USA,IMF_AI_REG_ETH,_Z,_Z,_Z,0_TO_0_25,_Z,_Z,_Z,2023,MEAN,IX,IMF_AI,602,0,IMF_AI,PU,0.21767249703407,A,Annual,United States,AIPI - Regulation and Ethics,Not applicable,Not applicable,Not applicable,0-0.25 scale,Not Applicable,Not Applicable,Not Applicable,Mean,Index,Artificial Intelligence (AI) Preparedness Index,CCYY,Units,Normal value,Public
datastructure,WB.DATA360:DS_DATA360(1.3),I,A,UZB,IMF_AI_REG_ETH,_Z,_Z,_Z,0_TO_0_25,_Z,_Z,_Z,2023,MEAN,IX,IMF_AI,602,0,IMF_AI,PU,0.10466928035021,A,Annual,Uzbekistan,AIPI - Regulation and Ethics,Not applicable,Not applicable,Not applicable,0-0.25 scale,Not Applicable,Not Applicable,Not Applicable,Mean,Index,Artificial Intelligence (AI) Preparedness Index,CCYY,Units,Normal value,Public
datastructure,WB.DATA360:DS_DATA360(1.3),I,A,VCT,IMF_AI_REG_ETH,_Z,_Z,_Z,0_TO_0_25,_Z,_Z,_Z,2023,MEAN,IX,IMF_AI,602,0,IMF_AI,PU,0.14442577958107,A,Annual,St. Vincent and the Grenadines,AIPI - Regulation and Ethics,Not applicable,Not applicable,Not applicable,0-0.25 scale,Not Applicable,Not Applicable,Not Applicable,Mean,Index,Artificial Intelligence (AI) Preparedness Index,CCYY,Units,Normal value,Public
datastructure,WB.DATA360:DS_DATA360(1.3),I,A,VEN,IMF_AI_REG_ETH,_Z,_Z,_Z,0_TO_0_25,_Z,_Z,_Z,2023,MEAN,IX,IMF_AI,602,0,IMF_AI,PU,0.022085124626756,A,Annual,"Venezuela, RB",AIPI - Regulation and Ethics,Not applicable,Not applicable,Not applicable,0-0.25 scale,Not Applicable,Not Applicable,Not Applicable,Mean,Index,Artificial Intelligence (AI) Preparedness Index,CCYY,Units,Normal value,Public
datastructure,WB.DATA360:DS_DATA360(1.3),I,A,VNM,IMF_AI_REG_ETH,_Z,_Z,_Z,0_TO_0_25,_Z,_Z,_Z,2023,MEAN,IX,IMF_AI,602,0,IMF_AI,PU,0.10948853194714,A,Annual,Vietnam,AIPI - Regulation and Ethics,Not applicable,Not applicable,Not applicable,0-0.25 scale,Not Applicable,Not Applicable,Not Applicable,Mean,Index,Artificial Intelligence (AI) Preparedness Index,CCYY,Units,Normal value,Public
datastructure,WB.DATA360:DS_DATA360(1.3),I,A,YEM,IMF_AI_REG_ETH,_Z,_Z,_Z,0_TO_0_25,_Z,_Z,_Z,2023,MEAN,IX,IMF_AI,602,0,IMF_AI,PU,0.019384345039725,A,Annual,"Yemen, Rep.",AIPI - Regulation and Ethics,Not applicable,Not applicable,Not applicable,0-0.25 scale,Not Applicable,Not Applicable,Not Applicable,Mean,Index,Artificial Intelligence (AI) Preparedness Index,CCYY,Units,Normal value,Public
datastructure,WB.DATA360:DS_DATA360(1.3),I,A,ZAF,IMF_AI_REG_ETH,_Z,_Z,_Z,0_TO_0_25,_Z,_Z,_Z,2023,MEAN,IX,IMF_AI,602,0,IMF_AI,PU,0.14266707003117,A,Annual,South Africa,AIPI - Regulation and Ethics,Not applicable,Not applicable,Not applicable,0-0.25 scale,Not Applicable,Not Applicable,Not Applicable,Mean,Index,Artificial Intelligence (AI) Preparedness Index,CCYY,Units,Normal value,Public
datastructure,WB.DATA360:DS_DATA360(1.3),I,A,ZMB,IMF_AI_REG_ETH,_Z,_Z,_Z,0_TO_0_25,_Z,_Z,_Z,2023,MEAN,IX,IMF_AI,602,0,IMF_AI,PU,0.092012278735638,A,Annual,Zambia,AIPI - Regulation and Ethics,Not applicable,Not applicable,Not applicable,0-0.25 scale,Not Applicable,Not Applicable,Not Applicable,Mean,Index,Artificial Intelligence (AI) Preparedness Index,CCYY,Units,Normal value,Public
datastructure,WB.DATA360:DS_DATA360(1.3),I,A,ZWE,IMF_AI_REG_ETH,_Z,_Z,_Z,0_TO_0_25,_Z,_Z,_Z,2023,MEAN,IX,IMF_AI,602,0,IMF_AI,PU,0.055053282529116,A,Annual,Zimbabwe,AIPI - Regulation and Ethics,Not applicable,Not applicable,Not applicable,0-0.25 scale,Not Applicable,Not Applicable,Not Applicable,Mean,Index,Artificial Intelligence (AI) Preparedness Index,CCYY,Units,Normal value,Public
